Розіграш,Дата проведення,Кулька номер 1,Кулька номер 2,Кулька номер 3,Кулька номер 4,Кулька номер 5,Кулька номер 6,Бонусна кулька,Unnamed: 9
1502,2025-06-12 20:00:00,28,9,11,19,10,31,3,
1501,2025-06-12 13:00:00,34,29,11,27,7,22,4,
1500,2025-06-11 20:00:00,3,30,36,16,33,17,4,
1499,2025-06-11 13:00:00,5,6,3,30,29,13,3,
1498,2025-06-10 20:00:00,16,14,13,22,15,12,1,
1497,2025-06-10 13:00:00,10,17,30,29,33,36,5,
1496,2025-06-09 20:00:00,2,11,25,15,1,14,1,
1495,2025-06-09 13:00:00,20,14,12,10,9,3,6,
1494,2025-06-08 20:00:00,7,34,1,11,30,22,6,
1493,2025-06-08 13:00:00,22,6,4,7,34,27,2,
1492,2025-06-07 20:00:00,9,27,33,12,21,18,6,
1491,2025-06-07 13:00:00,3,25,12,11,34,10,3,
1490,2025-06-06 20:00:00,30,9,27,36,21,8,3,
1489,2025-06-06 13:00:00,32,24,17,21,20,6,2,
1488,2025-06-05 20:00:00,31,18,21,22,19,32,3,
1487,2025-06-05 10:00:00,4,12,32,22,11,5,2,
1486,2025-06-04 20:00:00,27,25,17,16,23,32,4,
1485,2025-06-04 13:00:00,16,3,10,18,8,14,3,
1484,2025-06-03 20:00:00,5,18,24,10,31,33,4,
1483,2025-06-03 13:00:00,5,8,23,1,25,32,5,
1482,2025-06-02 20:00:00,24,35,11,30,5,36,6,
1481,2025-06-02 13:00:00,32,24,23,8,26,35,6,
1480,2025-06-01 20:00:00,25,30,4,20,3,34,5,
1479,2025-06-01 13:00:00,14,17,4,28,6,20,1,
1478,2025-05-31 20:00:00,23,30,26,9,2,14,4,
1477,2025-05-31 13:00:00,7,32,4,11,23,9,1,
1476,2025-05-30 20:00:00,25,28,16,18,24,6,4,
1475,2025-05-30 13:00:00,27,29,30,10,14,20,4,
1474,2025-05-29 20:00:00,31,22,2,1,14,36,4,
1473,2025-05-29 13:00:00,12,23,25,7,10,2,1,
1472,2025-05-28 20:00:00,35,1,28,11,20,8,3,
1471,2025-05-28 13:00:00,15,4,32,29,30,17,3,
1470,2025-05-27 20:00:00,13,16,21,11,4,2,6,
1469,2025-05-27 13:00:00,36,24,22,14,29,3,5,
1468,2025-05-26 20:00:00,8,28,2,26,11,5,5,
1467,2025-05-26 13:00:00,2,21,16,24,20,12,3,
1466,2025-05-25 20:00:00,23,35,4,34,24,36,1,
1465,2025-05-25 13:00:00,20,27,34,26,16,19,1,
1464,2025-05-24 20:00:00,10,4,30,20,11,26,1,
1463,2025-05-24 13:00:00,22,35,24,26,31,4,4,
1462,2025-05-23 20:00:00,21,23,29,34,22,3,2,
1461,2025-05-23 13:00:00,1,21,2,36,20,15,3,
1460,2025-05-22 20:00:00,36,27,25,35,28,6,1,
1459,2025-05-22 13:00:00,25,18,20,7,21,30,4,
1458,2025-05-21 20:00:00,9,26,12,29,13,5,2,
1457,2025-05-21 13:00:00,31,14,21,32,24,3,6,
1456,2025-05-20 20:00:00,35,26,15,20,8,12,4,
1455,2025-05-20 13:00:00,28,33,21,4,16,3,1,
1454,2025-05-19 20:00:00,21,17,4,30,3,24,2,
1453,2025-05-19 13:00:00,7,19,24,35,2,30,3,
1452,2025-05-18 20:00:00,11,23,31,30,27,24,5,
1451,2025-05-18 13:00:00,5,20,1,33,17,11,6,
1450,2025-05-17 20:00:00,29,6,19,35,9,24,4,
1449,2025-05-17 13:00:00,32,3,11,17,26,30,3,
1448,2025-05-16 20:00:00,12,15,16,30,36,25,6,
1447,2025-05-16 13:00:00,2,1,34,20,7,25,6,
1446,2025-05-15 20:00:00,1,34,17,18,26,8,3,
1445,2025-05-15 13:00:00,7,6,9,24,12,34,3,
1444,2025-05-14 20:00:00,23,27,5,1,35,14,2,
1443,2025-05-14 13:00:00,11,13,21,31,2,10,3,
1442,2025-05-13 20:00:00,14,5,9,16,10,7,1,
1441,2025-05-13 13:00:00,11,30,33,31,1,17,3,
1440,2025-05-12 20:00:00,36,17,31,19,6,34,6,
1439,2025-05-12 13:00:00,18,11,3,32,6,34,5,
1438,2025-05-11 20:00:00,3,6,32,19,25,8,4,
1437,2025-05-11 13:00:00,23,1,25,10,6,4,6,
1436,2025-05-10 20:00:00,22,1,32,16,6,15,2,
1435,2025-05-10 13:00:00,29,3,24,6,32,9,1,
1434,2025-05-09 20:00:00,3,21,26,20,4,2,3,
1433,2025-05-09 13:00:00,3,28,11,34,15,19,2,
1432,2025-05-08 20:00:00,6,32,5,22,13,4,4,
1431,2025-05-08 13:00:00,3,11,28,16,10,22,6,
1430,2025-05-07 20:00:00,30,4,28,32,33,25,4,
1429,2025-05-07 13:00:00,2,7,36,15,17,29,5,
1428,2025-05-06 20:00:00,17,12,11,32,14,31,1,
1427,2025-05-06 13:00:00,26,22,25,2,15,5,1,
1426,2025-05-05 20:00:00,22,19,7,4,10,33,3,
1425,2025-05-05 13:00:00,6,28,13,19,26,31,2,
1424,2025-05-04 20:00:00,7,4,35,16,8,15,3,
1423,2025-05-04 13:00:00,34,32,23,36,21,30,3,
1422,2025-05-03 20:00:00,21,16,4,28,2,10,3,
1421,2025-05-03 13:00:00,31,28,7,5,20,10,6,
1420,2025-05-02 20:00:00,32,20,15,24,27,28,2,
1419,2025-05-02 13:00:00,35,20,3,33,22,1,4,
1418,2025-05-01 20:00:00,25,22,27,2,31,12,3,
1417,2025-05-01 13:00:00,8,27,36,34,2,20,6,
1416,2025-04-30 20:00:00,36,9,1,4,10,32,2,
1415,2025-04-30 13:00:00,20,31,29,1,36,13,1,
1414,2025-04-29 20:00:00,8,22,25,19,13,21,3,
1413,2025-04-29 13:00:00,23,1,10,31,16,9,6,
1412,2025-04-28 20:00:00,22,10,18,8,6,36,6,
1411,2025-04-28 13:00:00,24,9,18,36,17,8,6,
1410,2025-04-27 20:00:00,23,28,10,29,18,20,1,
1409,2025-04-27 13:00:00,20,9,21,5,3,2,6,
1408,2025-04-26 20:00:00,14,4,31,27,20,13,1,
1407,2025-04-26 13:00:00,13,29,27,5,21,22,2,
1406,2025-04-25 20:00:00,20,15,32,4,12,26,1,
1405,2025-04-25 13:00:00,12,10,21,16,22,3,6,
1404,2025-04-24 20:00:00,7,13,9,22,24,25,2,
1403,2025-04-24 13:00:00,34,25,6,26,14,36,6,
1402,2025-04-23 20:00:00,4,18,20,26,9,3,1,
1401,2025-04-23 13:00:00,33,8,6,32,29,20,4,
1400,2025-04-22 20:00:00,31,7,30,20,25,29,1,
1399,2025-04-22 13:00:00,27,19,11,1,36,21,4,
1398,2025-04-21 20:00:00,32,31,1,28,5,22,5,
1397,2025-04-21 13:00:00,27,31,34,8,25,23,1,
1396,2025-04-20 20:00:00,15,14,21,3,4,1,4,
1395,2025-04-20 13:00:00,18,29,30,9,10,19,2,
1394,2025-04-19 20:00:00,29,12,10,34,18,32,6,
1393,2025-04-19 13:00:00,25,14,21,32,12,26,4,
1392,2025-04-18 20:00:00,12,21,11,15,14,30,1,
1391,2025-04-18 10:00:00,22,5,23,30,4,36,6,
1390,2025-04-17 20:00:00,4,17,16,31,35,21,4,
1389,2025-04-17 13:00:00,30,19,12,29,24,15,4,
1388,2025-04-16 20:00:00,26,18,1,15,17,5,1,
1387,2025-04-16 13:00:00,29,25,1,22,8,6,4,
1386,2025-04-15 20:00:00,11,31,35,23,14,28,5,
1385,2025-04-15 13:00:00,8,29,7,35,19,11,5,
1384,2025-04-14 20:00:00,24,19,5,8,9,26,1,
1383,2025-04-14 13:00:00,5,30,31,16,22,32,5,
1382,2025-04-13 20:00:00,28,12,8,1,34,31,4,
1381,2025-04-13 13:00:00,31,25,6,23,22,14,6,
1380,2025-04-12 20:00:00,22,30,32,9,35,36,1,
1379,2025-04-12 13:00:00,1,27,15,18,24,25,3,
1378,2025-04-11 20:00:00,5,2,9,15,19,4,1,
1377,2025-04-11 13:00:00,28,17,18,33,19,3,3,
1376,2025-04-10 20:00:00,13,31,29,36,23,12,4,
1375,2025-04-10 13:00:00,8,23,2,32,33,14,1,
1374,2025-04-09 20:00:00,1,19,5,12,31,18,6,
1373,2025-04-09 13:00:00,10,2,17,30,7,27,1,
1372,2025-04-08 20:00:00,23,11,34,13,1,36,4,
1371,2025-04-08 13:00:00,6,29,5,25,36,2,2,
1370,2025-04-07 20:00:00,11,32,7,34,8,3,3,
1369,2025-04-07 13:00:00,4,23,27,34,36,24,2,
1368,2025-04-06 20:00:00,3,36,12,19,4,8,4,
1367,2025-04-06 13:00:00,29,25,8,28,1,34,3,
1366,2025-04-05 20:00:00,26,23,22,31,29,10,6,
1365,2025-04-05 13:00:00,26,31,15,10,6,21,5,
1364,2025-04-04 20:00:00,33,8,3,27,34,31,4,
1363,2025-04-04 13:00:00,35,23,17,19,5,25,4,
1362,2025-04-03 20:00:00,28,33,1,14,30,11,2,
1361,2025-04-03 13:00:00,9,7,36,4,30,12,1,
1360,2025-04-02 20:00:00,18,9,25,31,14,23,1,
1359,2025-04-02 13:00:00,6,15,29,30,32,17,6,
1358,2025-04-01 20:00:00,15,18,10,20,11,6,5,
1357,2025-04-01 13:00:00,20,30,1,17,11,25,6,
1356,2025-03-31 20:00:00,1,22,8,28,33,15,2,
1355,2025-03-31 13:00:00,6,8,11,34,9,36,1,
1354,2025-03-30 20:00:00,24,33,26,19,22,18,2,
1353,2025-03-30 13:00:00,12,15,29,31,6,14,4,
1352,2025-03-29 20:00:00,25,35,11,6,20,18,5,
1351,2025-03-29 13:00:00,5,34,1,19,15,13,1,
1350,2025-03-28 20:00:00,9,35,15,25,19,2,6,
1349,2025-03-28 13:00:00,22,10,34,9,2,14,2,
1348,2025-03-27 20:00:00,25,26,8,13,16,2,4,
1347,2025-03-27 13:00:00,2,12,15,26,14,6,5,
1346,2025-03-26 20:00:00,35,13,25,29,20,17,6,
1345,2025-03-26 13:00:00,5,30,28,21,17,1,5,
1344,2025-03-25 20:00:00,28,8,19,2,20,16,5,
1343,2025-03-25 13:00:00,29,35,9,14,27,26,1,
1342,2025-03-24 20:00:00,11,5,13,19,22,34,5,
1341,2025-03-24 13:00:00,29,15,32,18,3,23,1,
1340,2025-03-23 20:00:00,26,20,25,24,8,27,2,
1339,2025-03-23 13:00:00,23,25,14,29,2,35,6,
1338,2025-03-22 20:00:00,8,33,4,19,23,28,3,
1337,2025-03-22 13:00:00,29,23,36,12,8,6,5,
1336,2025-03-21 20:00:00,32,16,33,24,7,12,6,
1335,2025-03-21 13:00:00,28,17,36,5,4,22,2,
1334,2025-03-20 20:00:00,32,36,23,17,24,9,2,
1333,2025-03-20 13:00:00,15,19,10,28,18,27,4,
1332,2025-03-19 20:00:00,36,22,18,17,9,3,1,
1331,2025-03-19 13:00:00,21,33,17,12,27,6,4,
1330,2025-03-18 20:00:00,14,5,19,32,11,33,1,
1329,2025-03-18 13:00:00,33,22,8,10,6,14,2,
1328,2025-03-17 20:00:00,3,19,26,18,12,13,4,
1327,2025-03-17 13:00:00,8,35,22,1,5,13,4,
1326,2025-03-16 20:00:00,2,29,5,27,19,17,2,
1325,2025-03-16 13:00:00,3,32,33,9,12,23,2,
1324,2025-03-15 20:00:00,19,28,13,2,31,15,6,
1323,2025-03-15 13:00:00,29,26,36,20,31,30,5,
1322,2025-03-14 20:00:00,33,32,11,9,27,20,3,
1321,2025-03-14 13:00:00,36,34,30,22,19,16,6,
1320,2025-03-13 20:00:00,23,15,10,9,22,28,2,
1319,2025-03-13 13:00:00,2,20,14,22,32,6,3,
1318,2025-03-12 20:00:00,1,3,36,24,5,2,6,
1317,2025-03-12 13:00:00,19,1,26,18,27,17,1,
1316,2025-03-11 20:00:00,21,35,20,36,15,1,6,
1315,2025-03-11 13:00:00,3,18,10,33,16,23,4,
1314,2025-03-10 20:00:00,19,13,20,2,8,12,5,
1313,2025-03-10 13:00:00,6,16,5,13,34,30,1,
1312,2025-03-09 20:00:00,33,8,14,27,13,23,5,
1311,2025-03-09 13:00:00,9,14,23,16,27,1,6,
1310,2025-03-08 20:00:00,12,13,17,22,31,26,5,
1309,2025-03-08 13:00:00,23,22,19,21,15,13,3,
1308,2025-03-07 20:00:00,26,17,8,32,30,2,5,
1307,2025-03-07 13:00:00,20,26,7,22,15,36,4,
1306,2025-03-06 20:00:00,33,5,11,16,36,1,4,
1305,2025-03-06 13:00:00,20,12,35,23,1,17,6,
1304,2025-03-05 20:00:00,1,6,20,2,24,10,6,
1303,2025-03-05 13:00:00,6,27,11,30,7,14,2,
1302,2025-03-04 20:00:00,6,16,3,36,4,5,6,
1301,2025-03-04 13:00:00,7,9,15,20,16,10,1,
1300,2025-03-03 20:00:00,36,33,3,9,23,14,5,
1299,2025-03-03 13:00:00,22,8,17,34,18,33,4,
1298,2025-03-02 20:00:00,22,9,36,33,17,5,5,
1297,2025-03-02 13:00:00,24,18,28,36,30,13,4,
1296,2025-03-01 20:00:00,19,20,11,18,23,3,3,
1295,2025-03-01 13:00:00,34,27,10,21,1,20,5,
1294,2025-02-28 20:00:00,16,33,36,13,31,26,4,
1293,2025-02-28 13:00:00,6,15,20,13,12,11,6,
1292,2025-02-27 20:00:00,12,31,32,6,16,22,1,
1291,2025-02-27 13:00:00,1,3,9,11,25,8,2,
1290,2025-02-26 20:00:00,2,30,12,8,35,3,5,
1289,2025-02-26 13:00:00,31,19,18,23,13,8,5,
1288,2025-02-25 20:00:00,35,36,20,21,30,7,1,
1287,2025-02-25 13:00:00,8,5,1,30,14,35,5,
1286,2025-02-24 20:00:00,1,31,18,10,30,25,2,
1285,2025-02-24 13:00:00,35,9,16,5,26,6,3,
1284,2025-02-23 20:00:00,31,22,28,3,34,8,3,
1283,2025-02-23 13:00:00,29,5,25,23,8,31,2,
1282,2025-02-22 20:00:00,19,28,12,4,24,5,6,
1281,2025-02-22 13:00:00,24,16,30,36,4,33,1,
1280,2025-02-21 20:00:00,11,23,22,19,17,6,3,
1279,2025-02-21 13:00:00,4,28,21,27,8,26,3,
1278,2025-02-20 20:00:00,16,9,8,6,29,15,3,
1277,2025-02-20 13:00:00,16,6,12,9,17,22,4,
1276,2025-02-19 20:00:00,35,8,34,1,19,30,4,
1275,2025-02-19 13:00:00,17,32,25,10,18,5,6,
1274,2025-02-18 20:00:00,6,29,21,16,23,22,6,
1273,2025-02-18 13:00:00,12,14,13,32,35,34,4,
1272,2025-02-17 20:00:00,7,20,29,22,10,1,6,
1271,2025-02-17 13:00:00,17,32,19,18,4,16,6,
1270,2025-02-16 20:00:00,16,3,35,24,6,4,6,
1269,2025-02-16 13:00:00,23,28,26,13,1,35,3,
1268,2025-02-15 20:00:00,27,32,13,28,5,7,2,
1267,2025-02-15 13:00:00,31,17,35,23,10,22,4,
1266,2025-02-14 20:00:00,27,34,19,10,24,9,4,
1265,2025-02-14 13:00:00,29,22,35,18,9,4,6,
1264,2025-02-13 20:00:00,27,23,5,35,31,33,1,
1263,2025-02-13 13:00:00,2,19,18,35,22,5,3,
1262,2025-02-12 20:00:00,1,5,20,36,15,4,1,
1261,2025-02-12 13:00:00,18,33,30,23,36,4,4,
1260,2025-02-11 20:00:00,3,10,31,25,29,8,4,
1259,2025-02-11 13:00:00,27,12,29,1,19,31,2,
1258,2025-02-10 20:00:00,24,31,35,2,14,10,2,
1257,2025-02-10 13:00:00,12,32,14,33,26,20,5,
1256,2025-02-09 20:00:00,8,3,4,1,5,15,3,
1255,2025-02-09 13:00:00,22,16,2,4,24,15,2,
1254,2025-02-08 20:00:00,30,14,2,15,12,35,6,
1253,2025-02-08 13:00:00,31,20,34,21,4,16,5,
1252,2025-02-07 20:00:00,28,16,20,4,12,15,4,
1251,2025-02-07 13:00:00,34,12,20,13,3,23,3,
1250,2025-02-06 20:00:00,15,30,36,1,21,17,5,
1249,2025-02-06 13:00:00,11,14,6,23,2,15,6,
1248,2025-02-05 20:00:00,4,5,34,22,32,1,5,
1247,2025-02-05 13:00:00,34,31,28,6,5,16,6,
1246,2025-02-04 20:00:00,7,25,15,27,21,8,4,
1245,2025-02-04 13:00:00,1,11,3,19,12,31,2,
1244,2025-02-03 20:00:00,13,2,3,10,36,28,3,
1243,2025-02-03 13:00:00,27,11,20,35,2,36,6,
1242,2025-02-02 20:00:00,3,7,18,32,13,6,1,
1241,2025-02-02 13:00:00,11,22,9,21,7,28,2,
1240,2025-02-01 20:00:00,36,18,2,12,21,13,2,
1239,2025-02-01 13:00:00,28,26,17,10,18,4,1,
1238,2025-01-31 20:00:00,30,32,27,36,11,4,3,
1237,2025-01-31 13:00:00,36,28,32,33,13,22,1,
1236,2025-01-30 20:00:00,2,1,21,30,29,36,6,
1235,2025-01-30 13:00:00,33,20,25,29,26,12,4,
1234,2025-01-29 20:00:00,8,17,32,9,34,25,5,
1233,2025-01-29 13:00:00,23,34,26,7,1,9,6,
1232,2025-01-28 20:00:00,9,25,34,18,17,11,2,
1231,2025-01-28 13:00:00,33,29,25,10,20,19,3,
1230,2025-01-27 20:00:00,26,32,9,33,5,12,5,
1229,2025-01-27 13:00:00,29,17,35,1,33,11,1,
1228,2025-01-26 20:00:00,27,26,10,2,28,33,5,
1227,2025-01-26 13:00:00,7,6,25,31,26,18,5,
1226,2025-01-25 20:00:00,26,3,12,18,33,20,5,
1225,2025-01-25 13:00:00,2,10,4,16,17,15,3,
1224,2025-01-24 20:00:00,7,15,33,11,16,31,2,
1223,2025-01-24 13:00:00,20,18,23,11,4,22,4,
1222,2025-01-23 20:00:00,16,3,35,31,36,30,4,
1221,2025-01-23 13:00:00,2,34,3,18,35,29,6,
1220,2025-01-22 20:00:00,26,14,4,15,27,33,5,
1219,2025-01-22 13:00:00,36,14,21,7,25,13,4,
1218,2025-01-21 20:00:00,16,21,19,35,15,11,2,
1217,2025-01-21 13:00:00,19,20,28,14,32,33,2,
1216,2025-01-20 20:00:00,23,30,36,35,11,7,5,
1215,2025-01-20 13:00:00,1,10,23,17,6,35,2,
1214,2025-01-19 20:00:00,19,24,5,18,22,9,5,
1213,2025-01-19 13:00:00,31,24,20,10,18,14,4,
1212,2025-01-18 20:00:00,13,22,28,19,21,1,5,
1211,2025-01-18 13:00:00,16,30,19,3,20,18,6,
1210,2025-01-17 20:00:00,29,5,25,4,31,8,2,
1209,2025-01-17 13:00:00,31,18,34,1,16,2,4,
1208,2025-01-16 20:00:00,22,18,10,20,30,25,5,
1207,2025-01-16 13:00:00,33,25,14,4,21,12,3,
1206,2025-01-15 20:00:00,19,36,13,9,26,18,1,
1205,2025-01-15 13:00:00,30,36,33,11,18,8,6,
1204,2025-01-14 20:00:00,34,17,31,5,9,27,6,
1203,2025-01-14 13:00:00,11,10,19,24,1,18,5,
1202,2025-01-13 20:00:00,5,21,2,16,12,36,4,
1201,2025-01-13 13:00:00,25,30,36,27,16,12,5,
1200,2025-01-12 20:00:00,24,8,17,15,32,11,5,
1199,2025-01-12 13:00:00,14,34,7,28,31,6,3,
1198,2025-01-11 20:00:00,14,15,11,25,33,16,6,
1197,2025-01-11 13:00:00,3,16,20,11,35,30,4,
1196,2025-01-10 20:00:00,27,30,14,11,2,26,3,
1195,2025-01-10 13:00:00,14,6,3,18,24,8,5,
1194,2025-01-09 20:00:00,24,8,23,22,29,20,4,
1193,2025-01-09 13:00:00,14,6,13,34,9,22,1,
1192,2025-01-08 20:00:00,27,15,12,28,33,21,3,
1191,2025-01-08 13:00:00,19,17,2,32,8,10,4,
1190,2025-01-07 20:00:00,4,7,6,18,33,9,3,
1189,2025-01-07 13:00:00,13,11,5,8,36,4,2,
1188,2025-01-06 20:00:00,29,19,5,6,7,33,4,
1187,2025-01-06 13:00:00,24,9,25,27,16,13,3,
1186,2025-01-05 20:00:00,1,36,18,22,8,6,6,
1185,2025-01-05 13:00:00,9,34,26,32,7,22,5,
1184,2025-01-04 20:00:00,20,19,29,32,10,8,6,
1183,2025-01-04 13:00:00,6,34,29,18,35,17,3,
1182,2025-01-03 20:00:00,7,12,26,15,28,35,2,
1181,2025-01-03 13:00:00,25,21,12,23,26,34,3,
1180,2025-01-02 20:00:00,2,17,10,22,8,18,4,
1179,2025-01-02 13:00:00,14,16,26,34,20,32,3,
1178,2025-01-01 20:00:00,4,7,21,22,35,9,6,
1177,2025-01-01 13:00:00,29,21,24,11,2,4,2,
1176,2024-12-31 20:00:00,33,36,3,32,28,6,3,
1175,2024-12-31 13:00:00,11,17,21,24,10,29,6,
1174,2024-12-30 20:00:00,13,16,12,31,15,21,3,
1173,2024-12-30 13:00:00,25,28,35,32,36,20,2,
1172,2024-12-29 20:00:00,5,14,33,28,36,11,6,
1171,2024-12-29 13:00:00,27,23,19,31,13,10,5,
1170,2024-12-28 20:00:00,2,30,12,34,31,21,4,
1169,2024-12-28 13:00:00,29,28,6,1,10,15,1,
1168,2024-12-27 20:00:00,6,31,2,21,4,17,2,
1167,2024-12-27 13:00:00,27,11,6,1,17,31,2,
1166,2024-12-26 20:00:00,36,12,33,23,32,4,4,
1165,2024-12-26 13:00:00,4,8,32,22,21,15,6,
1164,2024-12-25 20:00:00,2,14,12,21,17,5,2,
1163,2024-12-25 13:00:00,22,35,31,18,30,5,5,
1162,2024-12-24 20:00:00,16,30,28,5,11,12,6,
1161,2024-12-24 13:00:00,8,33,5,25,36,2,6,
1160,2024-12-23 20:00:00,19,8,18,17,34,5,1,
1159,2024-12-23 13:00:00,9,27,2,14,7,18,4,
1158,2024-12-22 20:00:00,3,19,27,20,11,26,5,
1157,2024-12-22 13:00:00,16,27,1,31,5,26,5,
1156,2024-12-21 20:00:00,18,10,21,7,35,4,2,
1155,2024-12-21 13:00:00,28,22,8,6,15,1,5,
1154,2024-12-20 20:00:00,25,17,23,16,29,6,2,
1153,2024-12-20 13:00:00,31,14,34,16,35,27,2,
1152,2024-12-19 20:00:00,4,22,27,30,34,24,2,
1151,2024-12-19 13:00:00,35,28,33,29,22,7,3,
1150,2024-12-18 20:00:00,32,20,28,8,19,16,1,
1149,2024-12-18 13:00:00,34,3,33,31,27,18,4,
1148,2024-12-17 20:00:00,23,31,36,4,13,2,2,
1147,2024-12-17 13:00:00,15,21,1,6,7,22,1,
1146,2024-12-16 20:00:00,9,17,22,25,28,20,5,
1145,2024-12-16 13:00:00,11,36,28,3,13,32,1,
1144,2024-12-15 20:00:00,2,5,6,17,27,29,3,
1143,2024-12-15 13:00:00,32,1,6,9,19,23,1,
1142,2024-12-14 20:00:00,32,21,22,34,1,16,4,
1141,2024-12-14 13:00:00,10,7,35,29,1,13,5,
1140,2024-12-13 20:00:00,9,16,20,32,4,28,5,
1139,2024-12-13 13:00:00,9,20,19,17,22,25,2,
1138,2024-12-12 20:00:00,11,34,36,25,28,13,4,
1137,2024-12-12 13:00:00,35,14,31,32,34,22,1,
1136,2024-12-11 20:00:00,31,15,25,32,30,26,3,
1135,2024-12-11 13:00:00,2,14,26,8,21,17,6,
1134,2024-12-10 20:00:00,32,7,21,17,1,18,1,
1133,2024-12-10 13:00:00,4,30,16,29,35,2,3,
1132,2024-12-09 20:00:00,27,31,8,20,18,12,2,
1131,2024-12-09 13:00:00,14,20,33,21,13,9,3,
1130,2024-12-08 20:00:00,36,35,30,31,34,17,1,
1129,2024-12-08 13:00:00,2,3,5,22,14,33,3,
1128,2024-12-07 20:00:00,33,29,5,13,28,26,4,
1127,2024-12-07 13:00:00,5,12,30,13,35,21,1,
1126,2024-12-06 20:00:00,8,1,25,24,34,14,6,
1125,2024-12-06 13:00:00,36,25,15,18,13,24,1,
1124,2024-12-05 20:00:00,32,36,20,34,17,15,2,
1123,2024-12-05 13:00:00,20,22,16,7,19,32,1,
1122,2024-12-04 20:00:00,33,23,13,35,26,27,6,
1121,2024-12-04 13:00:00,15,17,22,18,6,33,3,
1120,2024-12-03 20:00:00,27,4,6,31,29,1,5,
1119,2024-12-03 13:00:00,11,13,8,35,7,16,6,
1118,2024-12-02 20:00:00,29,21,25,28,13,22,3,
1117,2024-12-02 13:00:00,30,11,12,36,7,16,4,
1116,2024-12-01 20:00:00,12,10,18,34,17,36,3,
1115,2024-12-01 13:00:00,6,30,11,20,24,5,1,
1114,2024-11-30 20:00:00,27,36,22,17,11,35,5,
1113,2024-11-30 13:00:00,22,31,25,24,19,27,2,
1112,2024-11-29 20:00:00,14,6,33,17,8,5,5,
1111,2024-11-29 13:00:00,19,17,2,12,1,9,5,
1110,2024-11-28 20:00:00,22,29,16,3,28,14,4,
1109,2024-11-28 13:00:00,14,8,29,18,7,27,3,
1108,2024-11-27 20:00:00,17,13,7,35,18,31,1,
1107,2024-11-27 13:00:00,25,33,1,35,34,32,3,
1106,2024-11-26 20:00:00,1,19,2,12,29,26,3,
1105,2024-11-26 13:00:00,22,34,13,16,5,20,4,
1104,2024-11-25 20:00:00,34,14,31,9,18,35,1,
1103,2024-11-25 13:00:00,13,19,11,35,18,27,2,
1102,2024-11-24 20:00:00,7,19,26,13,17,15,3,
1101,2024-11-24 13:00:00,19,26,7,17,2,6,6,
1100,2024-11-23 20:00:00,2,31,25,23,32,36,5,
1099,2024-11-23 13:00:00,30,26,2,24,21,23,6,
1098,2024-11-22 20:00:00,27,35,14,11,21,26,3,
1097,2024-11-22 13:00:00,26,10,16,23,2,4,6,
1096,2024-11-21 20:00:00,15,22,29,31,13,3,2,
1095,2024-11-21 13:00:00,30,27,34,11,3,6,1,
1094,2024-11-20 20:00:00,17,16,8,28,33,18,4,
1093,2024-11-20 13:00:00,8,4,12,33,18,1,5,
1092,2024-11-19 20:00:00,21,17,11,23,5,30,2,
1091,2024-11-19 13:00:00,25,24,1,22,6,14,2,
1090,2024-11-18 20:00:00,14,18,16,28,7,21,1,
1089,2024-11-18 11:00:00,36,6,27,7,16,23,3,
1088,2024-11-17 20:00:00,4,2,7,35,3,36,6,
1087,2024-11-17 13:00:00,1,13,36,2,7,23,2,
1086,2024-11-16 20:00:00,25,27,15,7,22,24,5,
1085,2024-11-16 13:00:00,29,8,30,18,31,19,4,
1084,2024-11-15 20:00:00,14,25,17,31,27,28,2,
1083,2024-11-15 13:00:00,30,13,6,25,36,22,5,
1082,2024-11-14 20:00:00,19,24,11,34,35,13,6,
1081,2024-11-14 13:00:00,33,12,19,21,15,4,6,
1080,2024-11-13 20:00:00,33,3,5,11,2,14,1,
1079,2024-11-13 13:00:00,32,13,18,22,6,21,4,
1078,2024-11-12 20:00:00,9,3,12,25,17,21,2,
1077,2024-11-12 13:00:00,33,9,27,15,8,31,2,
1076,2024-11-11 20:00:00,5,6,31,33,14,11,3,
1075,2024-11-11 13:00:00,10,6,26,7,31,19,5,
1074,2024-11-10 20:00:00,30,1,21,36,10,13,3,
1073,2024-11-10 13:00:00,10,28,24,14,36,19,1,
1072,2024-11-09 20:00:00,30,15,34,36,6,16,5,
1071,2024-11-09 13:00:00,19,23,26,4,1,20,5,
1070,2024-11-08 20:00:00,25,11,2,17,16,8,3,
1069,2024-11-08 13:00:00,33,36,30,32,18,14,2,
1068,2024-11-07 20:00:00,18,19,8,13,6,7,2,
1067,2024-11-07 13:00:00,23,10,28,5,11,2,2,
1066,2024-11-06 20:00:00,28,11,30,12,17,10,5,
1065,2024-11-06 13:00:00,4,25,31,14,32,3,3,
1064,2024-11-05 20:00:00,1,23,6,31,30,32,4,
1063,2024-11-05 13:00:00,26,9,29,1,7,23,4,
1062,2024-11-04 20:00:00,2,35,28,6,24,9,1,
1061,2024-11-04 13:00:00,32,2,15,31,9,11,4,
1060,2024-11-03 20:00:00,34,7,28,18,16,5,6,
1059,2024-11-03 13:00:00,10,25,6,7,35,13,5,
1058,2024-11-02 20:00:00,31,28,18,16,12,15,4,
1057,2024-11-02 13:00:00,8,35,31,30,2,5,3,
1056,2024-11-01 20:00:00,29,9,5,8,14,12,6,
1055,2024-11-01 13:00:00,20,9,4,24,6,11,6,
1054,2024-10-31 20:00:00,11,35,36,25,8,15,2,
1053,2024-10-31 13:00:00,23,30,33,17,6,35,1,
1052,2024-10-30 20:00:00,3,35,22,33,31,27,2,
1051,2024-10-30 13:00:00,20,11,8,32,29,25,4,
1050,2024-10-29 20:00:00,34,31,25,24,33,7,5,
1049,2024-10-29 13:00:00,25,7,18,36,11,15,6,
1048,2024-10-28 20:00:00,25,1,31,9,34,29,6,
1047,2024-10-28 13:00:00,15,14,20,16,32,27,2,
1046,2024-10-27 20:00:00,5,28,24,15,12,34,4,
1045,2024-10-27 13:00:00,26,8,34,22,29,11,6,
1044,2024-10-26 20:00:00,4,8,25,24,13,27,2,
1043,2024-10-26 13:00:00,32,35,26,10,17,28,4,
1042,2024-10-25 20:00:00,2,13,25,31,24,10,6,
1041,2024-10-25 13:00:00,30,22,8,27,15,19,3,
1040,2024-10-24 20:00:00,33,24,20,5,12,9,2,
1039,2024-10-24 13:00:00,3,30,10,2,14,5,2,
1038,2024-10-23 20:00:00,5,17,25,29,3,11,6,
1037,2024-10-23 13:00:00,16,17,14,5,32,2,4,
1036,2024-10-22 20:00:00,34,2,13,5,21,23,6,
1035,2024-10-22 13:00:00,18,14,30,1,27,17,5,
1034,2024-10-21 20:00:00,19,33,20,26,1,29,3,
1033,2024-10-21 13:00:00,2,4,34,21,32,24,3,
1032,2024-10-20 20:00:00,6,21,8,5,35,18,2,
1031,2024-10-20 13:00:00,32,34,21,8,22,18,2,
1030,2024-10-19 20:00:00,6,7,30,28,17,4,1,
1029,2024-10-19 13:00:00,27,34,24,19,30,11,3,
1028,2024-10-18 20:00:00,15,30,23,33,12,14,3,
1027,2024-10-18 13:00:00,7,33,23,12,19,8,1,
1026,2024-10-17 20:00:00,33,17,3,4,27,9,6,
1025,2024-10-17 13:00:00,28,2,30,8,31,16,1,
1024,2024-10-16 20:00:00,7,26,2,6,34,4,1,
1023,2024-10-16 13:00:00,29,27,17,28,33,20,5,
1022,2024-10-15 20:00:00,36,24,25,11,20,31,3,
1021,2024-10-15 13:00:00,20,11,26,24,35,22,2,
1020,2024-10-14 20:00:00,25,19,34,32,31,18,1,
1019,2024-10-14 13:00:00,22,11,21,24,3,26,5,
1018,2024-10-13 20:00:00,25,27,20,32,35,26,1,
1017,2024-10-13 13:00:00,11,27,8,14,16,33,1,
1016,2024-10-12 20:00:00,34,24,25,9,11,22,4,
1015,2024-10-12 13:00:00,26,9,33,3,22,32,3,
1014,2024-10-11 20:00:00,8,4,24,5,17,19,1,
1013,2024-10-11 13:00:00,26,3,16,5,33,6,6,
1012,2024-10-10 20:00:00,18,17,1,9,22,24,3,
1011,2024-10-10 13:00:00,15,31,32,19,35,24,2,
1010,2024-10-09 20:00:00,20,33,10,19,26,6,1,
1009,2024-10-09 13:00:00,13,33,4,12,24,29,1,
1008,2024-10-08 20:00:00,9,16,21,36,4,11,3,
1007,2024-10-08 13:00:00,31,23,27,17,32,30,6,
1006,2024-10-07 20:00:00,20,22,29,16,36,13,4,
1005,2024-10-07 13:00:00,15,23,26,35,34,24,6,
1004,2024-10-06 20:00:00,19,4,15,23,1,34,1,
1003,2024-10-06 13:00:00,29,11,3,19,15,14,1,
1002,2024-10-05 20:00:00,15,17,29,21,14,28,1,
1001,2024-10-05 13:00:00,21,32,19,25,29,18,6,
1000,2024-10-04 20:00:00,18,1,3,9,16,13,1,
999,2024-10-04 13:00:00,32,25,17,11,33,28,6,
998,2024-10-03 20:00:00,31,10,3,11,29,15,4,
997,2024-10-03 13:00:00,10,1,8,20,14,33,3,
996,2024-10-02 20:00:00,17,27,28,24,3,14,4,
995,2024-10-02 13:00:00,22,15,35,33,6,29,1,
994,2024-10-01 20:00:00,13,15,5,21,18,10,4,
993,2024-10-01 13:00:00,33,35,16,17,13,7,6,
992,2024-09-30 20:00:00,35,29,24,9,18,12,3,
991,2024-09-30 13:00:00,25,24,12,2,23,34,4,
990,2024-09-29 20:00:00,2,24,15,27,32,12,1,
989,2024-09-29 13:00:00,34,10,33,29,28,15,2,
988,2024-09-28 20:00:00,33,16,24,23,9,8,1,
987,2024-09-28 13:00:00,5,33,31,19,4,7,1,
986,2024-09-27 20:00:00,29,30,36,32,9,12,2,
985,2024-09-27 13:00:00,5,12,32,3,4,7,4,
984,2024-09-26 20:00:00,18,34,8,29,31,22,1,
983,2024-09-26 13:00:00,22,5,9,12,7,21,1,
982,2024-09-25 20:00:00,36,13,34,19,35,1,3,
981,2024-09-25 13:00:00,12,20,21,23,22,7,4,
980,2024-09-24 20:00:00,24,23,28,35,6,3,5,
979,2024-09-24 13:00:00,1,10,24,25,26,16,5,
978,2024-09-23 20:00:00,1,35,13,34,28,12,5,
977,2024-09-23 13:00:00,10,12,9,29,30,16,3,
976,2024-09-22 20:00:00,32,31,24,26,14,2,4,
975,2024-09-22 13:00:00,12,3,29,22,4,27,4,
974,2024-09-21 20:00:00,33,14,12,1,19,2,2,
973,2024-09-21 13:00:00,18,20,22,11,10,21,1,
972,2024-09-20 20:00:00,1,35,9,16,15,32,6,
971,2024-09-20 13:00:00,27,26,7,10,6,22,5,
970,2024-09-19 20:00:00,20,25,17,36,18,26,6,
969,2024-09-19 13:00:00,22,20,33,21,24,2,2,
968,2024-09-18 20:00:00,7,22,1,28,31,5,5,
967,2024-09-18 13:00:00,7,29,8,24,31,3,5,
966,2024-09-17 20:00:00,33,28,35,31,16,29,6,
965,2024-09-17 13:00:00,25,17,31,13,22,32,2,
964,2024-09-16 20:00:00,14,5,6,28,18,17,4,
963,2024-09-16 13:00:00,6,5,22,13,18,32,4,
962,2024-09-15 20:00:00,35,22,19,30,7,23,6,
961,2024-09-15 13:00:00,10,23,26,27,6,14,6,
960,2024-09-14 20:00:00,13,34,20,25,9,24,1,
959,2024-09-14 13:00:00,8,9,33,35,25,18,4,
958,2024-09-13 20:00:00,31,36,7,35,14,25,6,
957,2024-09-13 13:00:00,25,2,6,8,11,4,5,
956,2024-09-12 20:00:00,14,5,22,21,16,13,3,
955,2024-09-12 13:00:00,31,36,25,20,9,12,3,
954,2024-09-11 20:00:00,35,14,19,20,29,27,1,
953,2024-09-11 10:00:00,9,20,16,4,36,31,5,
952,2024-09-10 20:00:00,11,12,31,21,20,9,1,
951,2024-09-10 13:00:00,13,35,9,26,34,14,2,
950,2024-09-09 20:00:00,18,20,27,26,8,34,2,
949,2024-09-09 13:00:00,3,27,26,16,35,19,5,
948,2024-09-08 20:00:00,16,25,7,27,20,15,5,
947,2024-09-08 13:00:00,5,33,34,30,1,22,3,
946,2024-09-07 20:00:00,22,1,35,20,16,26,2,
945,2024-09-07 13:00:00,25,35,5,24,26,16,3,
944,2024-09-06 20:00:00,27,33,24,7,17,16,5,
943,2024-09-06 13:00:00,6,8,11,31,4,24,5,
942,2024-09-05 20:00:00,24,32,17,35,10,13,3,
941,2024-09-05 13:00:00,17,19,36,28,13,33,3,
940,2024-09-04 20:00:00,9,29,34,16,31,7,3,
939,2024-09-04 13:00:00,13,19,30,11,23,5,6,
938,2024-09-03 20:00:00,1,13,16,17,29,30,5,
937,2024-09-03 13:00:00,31,4,15,11,13,10,1,
936,2024-09-02 20:00:00,6,4,27,32,16,33,1,
935,2024-09-02 13:00:00,11,16,22,2,24,3,6,
934,2024-09-01 20:00:00,30,36,16,13,23,25,5,
933,2024-09-01 13:00:00,25,5,29,17,1,27,5,
932,2024-08-31 20:00:00,30,17,10,6,26,8,1,
931,2024-08-31 13:00:00,20,13,24,30,11,36,2,
930,2024-08-30 20:00:00,14,2,30,18,22,15,6,
929,2024-08-30 13:00:00,9,20,22,32,17,14,6,
928,2024-08-29 20:00:00,29,14,18,23,20,30,1,
927,2024-08-29 13:00:00,30,25,15,14,21,34,5,
926,2024-08-28 20:00:00,17,32,22,18,16,33,3,
925,2024-08-28 13:00:00,11,33,5,36,34,21,2,
924,2024-08-27 20:00:00,9,6,32,21,31,27,2,
923,2024-08-27 13:00:00,13,14,10,11,1,25,2,
922,2024-08-26 20:00:00,17,20,10,30,16,22,6,
921,2024-08-26 13:00:00,19,18,2,31,36,28,2,
920,2024-08-25 20:00:00,6,4,28,13,26,25,4,
919,2024-08-25 13:00:00,10,29,25,30,7,2,5,
918,2024-08-24 20:00:00,18,19,26,31,33,35,5,
917,2024-08-24 13:00:00,24,7,15,33,13,11,6,
916,2024-08-23 20:00:00,34,13,25,24,35,7,4,
915,2024-08-23 13:00:00,19,29,2,33,10,27,3,
914,2024-08-22 20:00:00,1,34,13,6,7,12,1,
913,2024-08-22 13:00:00,14,16,23,10,5,29,3,
912,2024-08-21 20:00:00,35,13,11,23,32,22,4,
911,2024-08-21 13:00:00,30,31,4,15,19,12,4,
910,2024-08-20 20:00:00,23,6,19,30,26,2,2,
909,2024-08-20 13:00:00,17,29,22,3,34,30,3,
908,2024-08-19 20:00:00,36,19,4,13,15,18,6,
907,2024-08-19 13:00:00,23,29,19,30,21,34,4,
906,2024-08-18 20:00:00,18,12,6,34,25,13,3,
905,2024-08-18 13:00:00,11,12,35,5,30,27,1,
904,2024-08-17 20:00:00,9,10,27,29,18,31,5,
903,2024-08-17 13:00:00,26,32,5,1,19,24,2,
902,2024-08-16 20:00:00,11,5,9,31,23,28,6,
901,2024-08-16 13:00:00,32,5,22,19,23,6,1,
900,2024-08-15 20:00:00,27,8,26,34,20,22,2,
899,2024-08-15 13:00:00,7,1,23,32,33,19,2,
898,2024-08-14 20:00:00,8,20,18,11,12,30,4,
897,2024-08-14 13:00:00,14,26,31,24,12,28,2,
896,2024-08-13 20:00:00,25,12,7,19,24,23,2,
895,2024-08-13 13:00:00,23,8,5,13,7,6,4,
894,2024-08-12 20:00:00,28,34,4,10,31,11,2,
893,2024-08-12 13:00:00,3,17,29,24,30,1,4,
892,2024-08-11 20:00:00,20,21,31,6,8,36,1,
891,2024-08-11 13:00:00,11,27,2,29,30,14,2,
890,2024-08-10 20:00:00,12,22,11,15,33,26,6,
889,2024-08-10 13:00:00,21,12,17,23,33,14,6,
888,2024-08-09 20:00:00,33,31,6,27,2,12,5,
887,2024-08-09 13:00:00,34,31,24,20,16,33,4,
886,2024-08-08 20:00:00,9,1,30,16,28,11,1,
885,2024-08-08 13:00:00,5,1,17,11,32,2,3,
884,2024-08-07 20:00:00,25,10,30,26,31,1,4,
883,2024-08-07 13:00:00,36,27,29,5,34,33,4,
882,2024-08-06 20:00:00,36,23,27,1,4,34,5,
881,2024-08-06 13:00:00,4,11,6,28,5,9,4,
880,2024-08-05 20:00:00,29,18,4,9,17,3,4,
879,2024-08-05 13:00:00,19,5,28,25,26,31,2,
878,2024-08-04 20:00:00,26,15,29,32,23,3,6,
877,2024-08-04 13:00:00,25,18,5,30,36,24,3,
876,2024-08-03 20:00:00,6,16,34,19,27,9,1,
875,2024-08-03 13:00:00,24,8,12,13,2,14,3,
874,2024-08-02 20:00:00,11,29,12,10,22,15,5,
873,2024-08-02 13:00:00,13,19,8,17,2,24,3,
872,2024-08-01 20:00:00,31,13,17,24,16,4,6,
871,2024-08-01 13:00:00,35,10,20,8,33,7,2,
870,2024-07-31 20:00:00,12,8,2,14,11,3,1,
869,2024-07-31 13:00:00,14,12,23,28,30,31,3,
868,2024-07-30 20:00:00,12,23,22,18,20,11,3,
867,2024-07-30 13:00:00,4,24,21,20,9,6,2,
866,2024-07-29 20:00:00,7,24,5,13,23,26,5,
865,2024-07-29 13:00:00,8,33,12,30,32,1,2,
864,2024-07-28 20:00:00,10,14,16,24,33,8,3,
863,2024-07-28 13:00:00,4,21,13,19,29,28,2,
862,2024-07-27 20:00:00,8,26,11,34,25,15,2,
861,2024-07-27 13:00:00,14,34,12,16,36,25,2,
860,2024-07-26 20:00:00,21,28,17,11,25,22,1,
859,2024-07-26 13:00:00,36,19,15,26,10,21,6,
858,2024-07-25 20:00:00,19,33,16,7,9,25,3,
857,2024-07-25 13:00:00,22,15,24,36,10,9,4,
856,2024-07-24 20:00:00,4,3,27,8,36,15,5,
855,2024-07-24 13:00:00,18,2,15,1,11,26,3,
854,2024-07-23 20:00:00,31,36,33,11,30,29,3,
853,2024-07-23 13:00:00,28,2,26,23,29,27,3,
852,2024-07-22 20:00:00,16,21,11,25,26,36,6,
851,2024-07-22 13:00:00,22,5,35,33,13,32,5,
850,2024-07-21 20:00:00,35,15,23,19,8,2,3,
849,2024-07-21 13:00:00,26,13,9,29,34,11,1,
848,2024-07-20 20:00:00,22,4,14,24,8,30,4,
847,2024-07-20 13:00:00,21,19,13,34,3,11,3,
846,2024-07-19 20:00:00,22,30,18,13,7,16,3,
845,2024-07-19 13:00:00,22,34,23,19,29,7,5,
844,2024-07-18 20:00:00,3,21,33,7,24,4,1,
843,2024-07-18 13:00:00,24,4,8,1,11,29,5,
842,2024-07-17 20:00:00,7,20,8,21,31,13,5,
841,2024-07-17 13:00:00,6,19,12,33,31,29,1,
840,2024-07-16 20:00:00,34,4,32,15,6,1,2,
839,2024-07-16 13:00:00,30,2,15,7,31,10,3,
838,2024-07-15 20:00:00,34,16,23,8,22,35,5,
837,2024-07-15 13:00:00,16,26,33,18,36,7,4,
836,2024-07-14 20:00:00,15,27,16,12,23,24,3,
835,2024-07-14 13:00:00,2,5,27,10,33,18,2,
834,2024-07-13 20:00:00,20,21,18,27,22,24,5,
833,2024-07-13 13:00:00,1,24,4,22,34,9,3,
832,2024-07-12 20:00:00,18,23,25,17,21,20,1,
831,2024-07-12 13:00:00,25,28,13,23,18,4,1,
830,2024-07-11 20:00:00,29,11,22,28,18,31,2,
829,2024-07-11 13:00:00,31,1,29,22,3,32,1,
828,2024-07-10 20:00:00,23,24,13,11,33,20,2,
827,2024-07-10 13:00:00,9,15,6,32,30,26,1,
826,2024-07-09 20:00:00,27,35,25,20,3,22,4,
825,2024-07-09 13:00:00,36,10,3,13,31,17,3,
824,2024-07-08 20:00:00,36,10,4,16,8,26,5,
823,2024-07-08 13:00:00,20,9,26,35,17,4,3,
822,2024-07-07 20:00:00,11,33,20,28,12,29,6,
821,2024-07-07 13:00:00,27,23,36,16,2,31,2,
820,2024-07-06 20:00:00,20,4,27,19,26,12,6,
819,2024-07-06 13:00:00,22,9,32,7,17,3,2,
818,2024-07-05 20:00:00,20,21,25,29,10,11,2,
817,2024-07-05 13:00:00,9,1,34,15,8,20,4,
816,2024-07-04 20:00:00,17,1,12,13,18,6,2,
815,2024-07-04 13:00:00,28,4,5,17,8,25,5,
814,2024-07-03 20:00:00,6,27,22,13,18,20,4,
813,2024-07-03 13:00:00,23,15,17,25,12,20,5,
812,2024-07-02 20:00:00,17,25,1,19,33,36,4,
811,2024-07-02 13:00:00,34,36,20,18,17,7,4,
810,2024-07-01 20:00:00,26,13,31,18,20,21,1,
809,2024-07-01 13:00:00,34,13,12,24,15,35,6,
808,2024-06-30 20:00:00,2,3,11,21,17,26,6,
807,2024-06-30 13:00:00,32,4,29,7,11,23,5,
806,2024-06-29 20:00:00,7,21,6,14,20,4,2,
805,2024-06-29 13:00:00,36,20,22,9,30,28,2,
804,2024-06-28 20:00:00,30,15,24,21,20,12,3,
803,2024-06-28 13:00:00,27,8,14,3,22,24,4,
802,2024-06-27 20:00:00,11,28,14,4,15,29,4,
801,2024-06-27 13:00:00,20,2,36,33,11,9,1,
800,2024-06-26 20:00:00,4,20,33,18,14,13,3,
799,2024-06-26 13:00:00,32,21,34,18,23,35,2,
798,2024-06-25 20:00:00,2,12,31,23,26,25,6,
797,2024-06-25 13:00:00,13,3,11,5,33,17,2,
796,2024-06-24 20:00:00,16,34,10,5,13,2,2,
795,2024-06-24 13:00:00,25,16,17,14,6,13,2,
794,2024-06-23 20:00:00,10,25,34,19,27,7,6,
793,2024-06-23 13:00:00,18,6,15,17,16,8,3,
792,2024-06-22 20:00:00,30,9,7,20,14,36,6,
791,2024-06-22 13:00:00,30,18,20,6,14,22,5,
790,2024-06-21 20:00:00,17,25,23,18,21,36,2,
789,2024-06-21 13:00:00,24,2,18,33,20,25,6,
788,2024-06-20 20:00:00,9,27,21,35,15,18,3,
787,2024-06-20 13:00:00,34,16,33,24,29,11,3,
786,2024-06-19 20:00:00,16,35,1,7,31,25,6,
785,2024-06-19 13:00:00,25,1,29,5,33,13,1,
784,2024-06-18 20:00:00,5,7,24,35,29,20,5,
783,2024-06-18 13:00:00,15,4,12,26,21,18,3,
782,2024-06-17 20:00:00,4,17,24,11,10,12,1,
781,2024-06-17 13:00:00,14,4,25,6,24,8,4,
780,2024-06-16 20:00:00,19,24,35,21,18,14,4,
779,2024-06-16 13:00:00,29,3,7,20,27,35,5,
778,2024-06-15 20:00:00,25,31,16,15,9,26,3,
777,2024-06-15 13:00:00,14,8,35,17,4,3,3,
776,2024-06-14 20:00:00,11,3,5,2,21,28,6,
775,2024-06-14 13:00:00,27,20,21,3,33,22,5,
774,2024-06-13 20:00:00,2,31,4,24,1,16,4,
773,2024-06-13 13:00:00,35,33,27,21,25,17,6,
772,2024-06-12 20:00:00,29,34,13,10,14,21,1,
771,2024-06-12 13:00:00,33,2,17,30,21,12,6,
770,2024-06-11 20:00:00,8,21,17,22,7,34,2,
769,2024-06-11 13:00:00,2,29,32,26,22,25,4,
768,2024-06-10 20:00:00,20,28,32,11,13,16,1,
767,2024-06-10 13:00:00,8,4,19,30,28,36,4,
766,2024-06-09 20:00:00,22,26,34,12,8,29,1,
765,2024-06-09 13:00:00,27,36,23,10,22,9,6,
764,2024-06-08 20:00:00,4,15,23,16,32,34,5,
763,2024-06-08 13:00:00,36,10,23,16,4,30,2,
762,2024-06-07 20:00:00,22,27,35,33,9,10,3,
761,2024-06-07 13:00:00,25,2,23,34,6,8,3,
760,2024-06-06 20:00:00,32,24,3,17,5,1,6,
759,2024-06-06 13:00:00,30,14,1,6,18,29,4,
758,2024-06-05 20:00:00,14,6,13,34,5,29,1,
757,2024-06-05 13:00:00,35,3,23,15,25,30,1,
756,2024-06-04 20:00:00,3,24,2,17,14,22,1,
755,2024-06-04 13:00:00,30,29,13,1,22,16,6,
754,2024-06-03 20:00:00,30,7,16,24,29,1,1,
753,2024-06-03 13:00:00,8,7,5,35,34,12,5,
752,2024-06-02 20:00:00,16,25,9,15,36,18,6,
751,2024-06-02 13:00:00,2,5,6,32,7,20,2,
750,2024-06-01 20:00:00,24,25,23,28,20,17,5,
749,2024-06-01 13:00:00,7,4,2,25,3,6,5,
748,2024-05-31 20:00:00,28,36,27,24,9,23,4,
747,2024-05-31 13:00:00,1,3,14,29,25,10,5,
746,2024-05-30 20:00:00,20,16,8,11,29,17,5,
745,2024-05-30 13:00:00,11,19,8,17,24,28,3,
744,2024-05-29 20:00:00,7,10,3,33,31,8,6,
743,2024-05-29 13:00:00,25,32,2,24,19,11,1,
742,2024-05-28 20:00:00,17,35,6,18,14,9,6,
741,2024-05-28 13:00:00,11,36,22,7,9,29,1,
740,2024-05-27 20:00:00,24,17,5,14,6,34,4,
739,2024-05-27 13:00:00,30,24,12,23,5,17,5,
738,2024-05-26 20:00:00,6,29,20,5,12,11,5,
737,2024-05-26 13:00:00,36,24,30,26,16,14,5,
736,2024-05-25 20:00:00,8,13,5,32,4,29,6,
735,2024-05-25 13:00:00,24,21,35,33,25,27,4,
734,2024-05-24 20:00:00,4,21,33,2,30,31,4,
733,2024-05-24 13:00:00,5,26,35,2,25,8,5,
732,2024-05-23 20:00:00,29,9,3,10,6,14,5,
731,2024-05-23 13:00:00,25,36,18,12,33,35,2,
730,2024-05-22 20:00:00,24,16,32,11,27,36,3,
729,2024-05-22 13:00:00,32,18,23,4,35,11,2,
728,2024-05-21 20:00:00,2,25,15,3,33,17,1,
727,2024-05-21 13:00:00,11,4,14,10,19,9,1,
726,2024-05-20 20:00:00,35,13,26,6,18,4,1,
725,2024-05-20 13:00:00,17,9,24,15,7,10,2,
724,2024-05-19 20:00:00,28,13,14,2,34,31,2,
723,2024-05-19 13:00:00,1,35,31,11,25,23,4,
722,2024-05-18 20:00:00,28,19,36,11,9,32,3,
721,2024-05-18 13:00:00,4,10,17,30,29,16,5,
720,2024-05-17 20:00:00,36,4,8,15,3,27,5,
719,2024-05-17 13:00:00,3,10,36,8,25,4,2,
718,2024-05-16 20:00:00,9,4,16,30,1,19,5,
717,2024-05-16 13:00:00,22,32,19,11,31,25,4,
716,2024-05-15 20:00:00,9,2,28,22,7,26,2,
715,2024-05-15 13:00:00,29,16,31,2,14,26,3,
714,2024-05-14 20:00:00,1,6,32,19,7,8,4,
713,2024-05-14 13:00:00,26,29,5,20,22,27,5,
712,2024-05-13 20:00:00,13,25,29,28,1,32,6,
711,2024-05-13 13:00:00,3,18,27,23,7,13,2,
710,2024-05-12 20:00:00,26,4,14,11,25,36,1,
709,2024-05-12 13:00:00,14,11,36,20,7,6,6,
708,2024-05-11 20:00:00,3,25,10,31,2,24,5,
707,2024-05-11 13:00:00,15,13,6,20,35,27,4,
706,2024-05-10 20:00:00,33,29,35,15,34,17,6,
705,2024-05-10 13:00:00,18,34,23,10,17,36,6,
704,2024-05-09 20:00:00,7,32,14,19,15,27,6,
703,2024-05-09 13:00:00,20,9,23,32,7,3,6,
702,2024-05-08 20:00:00,23,18,10,1,31,32,1,
701,2024-05-08 13:00:00,14,34,23,20,4,18,1,
700,2024-05-07 20:00:00,16,21,26,5,2,35,2,
699,2024-05-07 13:00:00,35,33,2,6,19,5,4,
698,2024-05-06 20:00:00,5,34,19,15,8,28,5,
697,2024-05-06 13:00:00,1,13,36,20,30,32,6,
696,2024-05-05 20:00:00,29,15,14,28,36,13,5,
695,2024-05-05 13:00:00,1,27,2,6,34,31,3,
694,2024-05-04 20:00:00,12,21,9,30,34,28,6,
693,2024-05-04 13:00:00,28,11,25,18,21,1,1,
692,2024-05-03 20:00:00,9,4,10,33,1,6,4,
691,2024-05-03 13:00:00,15,20,18,5,29,22,1,
690,2024-05-02 20:00:00,19,12,18,20,2,3,4,
689,2024-05-02 13:00:00,14,33,21,30,17,12,3,
688,2024-05-01 20:00:00,9,8,17,15,27,3,3,
687,2024-05-01 13:00:00,27,25,28,23,30,7,4,
686,2024-04-30 20:00:00,15,33,29,6,26,21,5,
685,2024-04-30 13:00:00,31,7,16,20,24,23,1,
684,2024-04-29 20:00:00,5,17,1,12,27,4,2,
683,2024-04-29 13:00:00,31,5,21,18,34,35,2,
682,2024-04-28 20:00:00,24,12,28,11,18,26,2,
681,2024-04-28 13:00:00,14,33,7,21,3,8,6,
680,2024-04-27 20:00:00,33,25,19,21,23,9,2,
679,2024-04-27 13:00:00,17,26,22,21,33,9,6,
678,2024-04-26 20:00:00,22,2,21,6,28,25,6,
677,2024-04-26 13:00:00,16,3,13,10,31,6,1,
676,2024-04-25 20:00:00,17,35,30,23,16,29,1,
675,2024-04-25 13:00:00,16,3,26,6,12,24,6,
674,2024-04-24 20:00:00,7,8,29,23,1,4,4,
673,2024-04-24 13:00:00,9,8,13,11,24,31,4,
672,2024-04-23 20:00:00,24,12,34,20,18,15,6,
671,2024-04-23 13:00:00,26,30,7,24,17,15,3,
670,2024-04-22 20:00:00,12,21,29,4,14,19,2,
669,2024-04-22 13:00:00,4,35,33,34,20,15,3,
668,2024-04-21 20:00:00,29,19,4,18,23,33,5,
667,2024-04-21 13:00:00,7,4,30,20,15,35,4,
666,2024-04-20 20:00:00,13,27,29,15,18,20,1,
665,2024-04-20 13:00:00,5,4,15,20,22,26,3,
664,2024-04-19 20:00:00,28,14,1,16,30,21,4,
663,2024-04-19 13:00:00,19,15,24,12,17,6,1,
662,2024-04-18 20:00:00,13,17,2,20,22,10,2,
661,2024-04-18 13:00:00,3,36,6,7,11,4,6,
660,2024-04-17 20:00:00,16,15,6,1,10,25,5,
659,2024-04-17 13:00:00,5,28,32,17,34,23,5,
658,2024-04-16 20:00:00,25,7,3,29,19,20,6,
657,2024-04-16 13:00:00,34,33,2,6,26,27,5,
656,2024-04-15 20:00:00,5,32,31,7,18,15,2,
655,2024-04-15 13:00:00,26,18,17,20,27,22,4,
654,2024-04-14 20:00:00,27,23,17,6,7,15,6,
653,2024-04-14 13:00:00,25,19,15,30,29,13,2,
652,2024-04-13 20:00:00,20,7,15,33,25,16,6,
651,2024-04-13 13:00:00,25,6,21,10,18,28,2,
650,2024-04-12 20:00:00,34,35,5,1,7,23,6,
649,2024-04-12 13:00:00,25,27,8,22,14,1,4,
648,2024-04-11 20:00:00,16,21,3,2,32,28,1,
647,2024-04-11 13:00:00,6,11,23,7,24,13,3,
646,2024-04-10 20:00:00,14,29,19,33,20,4,2,
645,2024-04-10 13:00:00,11,25,27,12,36,20,1,
644,2024-04-09 20:00:00,20,24,1,6,14,11,5,
643,2024-04-09 13:00:00,9,23,21,29,32,20,5,
642,2024-04-08 20:00:00,26,22,19,33,34,10,4,
641,2024-04-08 13:00:00,18,5,17,4,36,1,3,
640,2024-04-07 20:00:00,9,29,32,20,16,11,4,
639,2024-04-07 13:00:00,14,13,17,35,16,21,2,
638,2024-04-06 20:00:00,4,32,23,35,12,15,6,
637,2024-04-06 13:00:00,26,12,13,18,25,28,5,
636,2024-04-05 20:00:00,13,22,29,1,5,11,4,
635,2024-04-05 13:00:00,29,19,4,23,34,35,6,
634,2024-04-04 20:00:00,9,10,2,29,11,5,3,
633,2024-04-04 13:00:00,5,27,4,10,31,29,3,
632,2024-04-03 20:00:00,31,5,29,36,23,33,1,
631,2024-04-03 13:00:00,23,9,2,16,10,6,6,
630,2024-04-02 20:00:00,25,21,26,14,15,27,4,
629,2024-04-02 13:00:00,13,7,19,27,28,18,2,
628,2024-04-01 20:00:00,8,2,36,18,22,23,1,
627,2024-04-01 13:00:00,15,26,22,2,5,6,2,
626,2024-03-31 20:00:00,16,10,26,18,25,13,3,
625,2024-03-31 13:00:00,10,3,36,35,11,1,2,
624,2024-03-30 20:00:00,6,28,14,27,17,25,1,
623,2024-03-30 13:00:00,22,25,3,31,17,36,6,
622,2024-03-29 20:00:00,21,1,35,36,15,17,3,
621,2024-03-29 13:00:00,7,19,2,31,6,28,5,
620,2024-03-28 20:00:00,15,17,26,7,13,1,6,
619,2024-03-28 13:00:00,7,1,29,10,35,5,4,
618,2024-03-27 20:00:00,34,16,1,5,29,23,4,
617,2024-03-27 13:00:00,9,26,24,27,36,10,5,
616,2024-03-26 20:00:00,20,33,22,8,9,24,4,
615,2024-03-26 13:00:00,23,29,18,27,24,20,4,
614,2024-03-25 20:00:00,20,18,26,32,25,12,1,
613,2024-03-25 13:00:00,11,24,36,12,2,28,3,
612,2024-03-24 20:00:00,34,11,24,23,2,17,4,
611,2024-03-24 13:00:00,28,4,20,35,3,27,4,
610,2024-03-23 20:00:00,9,3,31,21,11,12,4,
609,2024-03-23 13:00:00,29,10,1,34,13,23,4,
608,2024-03-22 20:00:00,30,27,4,22,8,28,6,
607,2024-03-22 13:00:00,3,27,32,34,30,9,3,
606,2024-03-21 20:00:00,6,14,34,16,3,1,3,
605,2024-03-21 13:00:00,28,1,17,12,27,33,3,
604,2024-03-20 20:00:00,34,15,6,11,13,19,3,
603,2024-03-20 13:00:00,26,4,3,25,13,10,3,
602,2024-03-19 20:00:00,7,31,15,22,23,25,5,
601,2024-03-19 13:00:00,11,5,26,24,33,16,6,
600,2024-03-18 20:00:00,18,34,26,9,15,2,6,
599,2024-03-18 13:00:00,10,5,32,9,2,8,6,
598,2024-03-17 20:00:00,15,4,28,26,10,36,3,
597,2024-03-17 13:00:00,31,2,14,35,25,9,2,
596,2024-03-16 20:00:00,10,7,17,1,9,14,1,
595,2024-03-16 13:00:00,8,36,35,17,6,3,3,
594,2024-03-15 20:00:00,15,34,26,33,18,23,3,
593,2024-03-15 13:00:00,11,2,20,36,16,8,6,
592,2024-03-14 20:00:00,22,24,5,29,33,17,1,
591,2024-03-14 13:00:00,16,23,13,36,35,27,5,
590,2024-03-13 20:00:00,10,3,34,21,14,9,6,
589,2024-03-13 13:00:00,13,1,20,21,24,25,6,
588,2024-03-12 20:00:00,19,7,33,1,28,35,4,
587,2024-03-12 13:00:00,26,24,31,5,11,35,1,
586,2024-03-11 20:00:00,31,12,4,17,6,28,6,
585,2024-03-11 13:00:00,35,21,3,1,7,30,4,
584,2024-03-10 20:00:00,11,31,23,9,20,12,1,
583,2024-03-10 13:00:00,7,26,12,20,25,6,3,
582,2024-03-09 20:00:00,34,16,20,6,36,27,5,
581,2024-03-09 13:00:00,33,24,16,15,9,11,5,
580,2024-03-08 20:00:00,8,18,23,11,5,13,2,
579,2024-03-08 13:00:00,12,19,31,1,8,22,3,
578,2024-03-07 20:00:00,6,36,11,24,1,9,4,
577,2024-03-07 13:00:00,7,19,20,13,6,28,3,
576,2024-03-06 20:00:00,27,8,1,2,10,12,6,
575,2024-03-06 13:00:00,8,3,25,4,21,31,1,
574,2024-03-05 20:00:00,7,17,26,15,4,14,6,
573,2024-03-05 13:00:00,4,36,34,18,17,20,5,
572,2024-03-04 20:00:00,23,12,34,26,5,27,3,
571,2024-03-04 13:00:00,29,26,5,10,4,2,5,
570,2024-03-03 20:00:00,11,21,16,5,19,23,4,
569,2024-03-03 13:00:00,36,33,1,16,32,35,5,
568,2024-03-02 20:00:00,17,6,21,11,26,31,4,
567,2024-03-02 13:00:00,36,10,20,1,30,3,3,
566,2024-03-01 20:00:00,27,10,21,16,17,13,2,
565,2024-03-01 13:00:00,31,29,3,23,24,17,3,
564,2024-02-29 20:00:00,22,26,1,33,19,5,5,
563,2024-02-29 13:00:00,24,36,6,11,27,4,2,
562,2024-02-28 20:00:00,1,3,27,33,2,29,1,
561,2024-02-28 13:00:00,19,25,3,16,28,30,1,
560,2024-02-27 20:00:00,30,27,15,14,24,12,4,
559,2024-02-27 13:00:00,5,22,31,3,10,25,4,
558,2024-02-26 20:00:00,21,25,36,14,13,19,1,
557,2024-02-26 13:00:00,25,3,22,19,13,6,2,
556,2024-02-25 20:00:00,15,7,35,9,5,19,1,
555,2024-02-25 13:00:00,5,20,4,28,34,13,2,
554,2024-02-24 20:00:00,36,10,5,27,24,22,2,
553,2024-02-24 13:00:00,19,4,25,13,5,20,6,
552,2024-02-23 20:00:00,10,35,15,26,33,32,3,
551,2024-02-23 13:00:00,4,28,27,34,9,18,4,
550,2024-02-22 20:00:00,19,36,9,2,15,1,5,
549,2024-02-22 13:00:00,8,27,15,5,9,23,1,
548,2024-02-21 20:00:00,5,13,8,27,31,6,1,
547,2024-02-21 13:00:00,29,4,18,35,26,25,1,
546,2024-02-20 20:00:00,22,27,20,26,11,36,2,
545,2024-02-20 13:00:00,1,36,7,8,35,15,5,
544,2024-02-19 20:00:00,17,1,18,35,28,27,4,
543,2024-02-19 13:00:00,31,25,23,7,8,20,2,
542,2024-02-18 20:00:00,18,8,25,20,23,10,6,
541,2024-02-18 13:00:00,30,7,33,10,35,15,4,
540,2024-02-17 20:00:00,1,23,29,21,30,28,5,
539,2024-02-17 13:00:00,19,4,17,33,28,26,3,
538,2024-02-16 20:00:00,35,5,8,30,19,20,6,
537,2024-02-16 13:00:00,12,34,21,31,32,18,2,
536,2024-02-15 20:00:00,4,36,6,19,31,28,2,
535,2024-02-15 13:00:00,25,24,21,23,22,27,6,
534,2024-02-14 20:00:00,12,35,33,31,22,6,1,
533,2024-02-14 13:00:00,7,22,12,21,20,4,4,
532,2024-02-13 20:00:00,8,11,10,35,4,15,6,
531,2024-02-13 13:00:00,28,31,30,24,9,6,4,
530,2024-02-12 20:00:00,5,26,28,35,30,12,4,
529,2024-02-12 13:00:00,35,26,31,8,34,21,2,
528,2024-02-11 20:00:00,12,1,36,3,20,21,6,
527,2024-02-11 13:00:00,33,27,2,29,28,26,5,
526,2024-02-10 20:00:00,17,15,25,23,35,2,6,
525,2024-02-10 13:00:00,34,16,15,24,22,21,5,
524,2024-02-09 20:00:00,1,2,33,32,13,5,2,
523,2024-02-09 13:00:00,29,20,16,28,34,24,3,
522,2024-02-08 20:00:00,3,32,8,33,15,21,5,
521,2024-02-08 13:00:00,19,28,25,5,34,2,1,
520,2024-02-07 20:00:00,29,33,8,20,7,11,1,
519,2024-02-07 13:00:00,16,21,15,11,22,33,2,
518,2024-02-06 20:00:00,32,1,18,12,9,5,1,
517,2024-02-06 13:00:00,27,30,36,26,13,15,6,
516,2024-02-05 20:00:00,33,16,19,23,14,12,3,
515,2024-02-05 13:00:00,10,2,15,28,33,22,3,
514,2024-02-04 20:00:00,30,25,22,26,36,23,2,
513,2024-02-04 13:00:00,32,6,7,21,16,24,2,
512,2024-02-03 20:00:00,12,23,24,31,29,13,1,
511,2024-02-03 13:00:00,29,32,5,18,7,28,1,
510,2024-02-02 20:00:00,28,3,26,12,30,23,4,
509,2024-02-02 13:00:00,16,26,10,13,30,20,6,
508,2024-02-01 20:00:00,29,20,27,24,13,4,2,
507,2024-02-01 13:00:00,30,7,1,16,19,27,5,
506,2024-01-31 20:00:00,33,9,6,19,8,20,5,
505,2024-01-31 13:00:00,13,1,21,30,23,2,6,
504,2024-01-30 20:00:00,31,16,14,11,27,6,2,
503,2024-01-30 13:00:00,25,12,34,19,16,27,3,
502,2024-01-29 20:00:00,24,34,25,31,9,22,3,
501,2024-01-29 13:00:00,29,31,8,13,4,15,2,
500,2024-01-28 20:00:00,3,11,24,13,1,34,5,
499,2024-01-28 13:00:00,5,13,6,8,19,12,5,
498,2024-01-27 20:00:00,23,20,17,19,11,29,2,
497,2024-01-27 13:00:00,16,4,21,11,2,23,1,
496,2024-01-26 20:00:00,17,15,30,24,21,31,5,
495,2024-01-26 13:00:00,5,25,21,19,32,26,4,
494,2024-01-25 20:00:00,6,21,12,30,19,9,4,
493,2024-01-25 13:00:00,18,8,16,15,35,20,3,
492,2024-01-24 20:00:00,18,32,28,24,14,1,4,
491,2024-01-24 13:00:00,17,26,7,4,35,10,3,
490,2024-01-23 20:00:00,7,3,9,22,4,28,4,
489,2024-01-23 13:00:00,32,6,16,33,11,25,2,
488,2024-01-22 20:00:00,34,18,33,8,26,32,6,
487,2024-01-22 13:00:00,20,3,31,6,11,32,4,
486,2024-01-21 20:00:00,12,25,34,2,15,18,1,
485,2024-01-21 13:00:00,24,30,23,17,3,35,5,
484,2024-01-20 20:00:00,34,16,23,27,12,2,6,
483,2024-01-20 13:00:00,34,14,3,4,33,5,3,
482,2024-01-19 20:00:00,19,33,24,21,36,30,3,
481,2024-01-19 13:00:00,15,27,1,30,31,11,5,
480,2024-01-18 20:00:00,5,6,29,24,26,1,1,
479,2024-01-18 13:00:00,35,23,27,13,26,34,2,
478,2024-01-17 20:00:00,9,2,22,31,5,8,5,
477,2024-01-17 13:00:00,23,21,14,30,1,12,3,
476,2024-01-16 20:00:00,32,4,12,29,30,21,2,
475,2024-01-16 13:00:00,23,28,15,36,25,13,1,
474,2024-01-15 20:00:00,11,21,19,5,2,20,3,
473,2024-01-15 13:00:00,20,24,25,31,12,14,4,
472,2024-01-14 20:00:00,14,33,32,11,5,16,6,
471,2024-01-14 13:00:00,14,12,13,4,18,20,3,
470,2024-01-13 20:00:00,14,17,26,30,1,29,4,
469,2024-01-13 13:00:00,9,32,27,21,13,20,5,
468,2024-01-12 20:00:00,23,29,8,1,34,11,4,
467,2024-01-12 13:00:00,36,12,31,18,16,28,4,
466,2024-01-11 20:00:00,2,23,9,1,15,30,2,
465,2024-01-11 13:00:00,25,22,6,10,26,9,1,
464,2024-01-10 20:00:00,6,2,22,8,24,19,4,
463,2024-01-10 13:00:00,4,19,1,28,11,3,1,
462,2024-01-09 20:00:00,24,29,22,16,19,25,5,
461,2024-01-09 13:00:00,33,1,24,13,22,31,3,
460,2024-01-08 20:00:00,24,29,14,9,26,6,4,
459,2024-01-08 13:00:00,26,24,19,30,17,16,6,
458,2024-01-07 20:00:00,4,24,34,36,9,3,3,
457,2024-01-07 13:00:00,19,15,25,10,22,9,4,
456,2024-01-06 20:00:00,17,12,32,25,10,19,1,
455,2024-01-06 13:00:00,21,13,2,28,5,34,2,
454,2024-01-05 20:00:00,8,13,17,19,24,10,5,
453,2024-01-05 13:00:00,24,2,18,34,4,36,4,
452,2024-01-04 20:00:00,15,20,12,22,34,19,5,
451,2024-01-04 13:00:00,2,28,9,21,8,16,6,
450,2024-01-03 20:00:00,34,17,25,8,7,33,4,
449,2024-01-03 13:00:00,32,12,14,36,20,22,2,
448,2024-01-02 20:00:00,8,31,2,30,28,1,6,
447,2024-01-02 13:00:00,11,23,2,28,13,21,4,
446,2024-01-01 20:00:00,17,3,6,21,26,2,3,
445,2024-01-01 13:00:00,17,1,28,34,12,5,4,
444,2023-12-31 20:00:00,26,31,2,14,22,20,1,
443,2023-12-31 13:00:00,35,34,4,8,14,15,5,
442,2023-12-30 20:00:00,35,32,21,24,11,2,6,
441,2023-12-30 13:00:00,28,13,30,8,25,26,2,
440,2023-12-29 20:00:00,23,32,13,36,18,20,6,
439,2023-12-29 13:00:00,29,31,34,17,21,15,2,
438,2023-12-28 20:00:00,17,32,6,4,31,24,5,
437,2023-12-28 13:00:00,17,36,20,24,28,10,4,
436,2023-12-27 20:00:00,36,26,8,2,17,12,6,
435,2023-12-27 13:00:00,31,18,7,29,2,20,2,
434,2023-12-26 18:00:00,10,14,11,6,31,21,1,
433,2023-12-26 13:00:00,18,24,33,32,30,15,5,
432,2023-12-25 20:00:00,34,36,4,26,6,1,5,
431,2023-12-25 13:00:00,29,35,34,18,15,19,5,
430,2023-12-24 20:00:00,35,26,4,33,16,17,5,
429,2023-12-24 13:00:00,22,3,19,35,30,17,1,
428,2023-12-23 20:00:00,14,23,32,11,4,18,6,
427,2023-12-23 13:00:00,28,36,20,3,21,23,3,
426,2023-12-22 20:00:00,28,21,31,13,25,6,1,
425,2023-12-22 13:00:00,28,12,21,1,30,8,1,
424,2023-12-21 20:00:00,10,31,21,35,14,8,3,
423,2023-12-21 13:00:00,4,1,10,31,27,2,6,
422,2023-12-20 20:00:00,16,29,12,33,34,9,2,
421,2023-12-20 13:00:00,6,20,35,36,25,21,4,
420,2023-12-19 20:00:00,34,5,31,17,6,12,1,
419,2023-12-19 13:00:00,24,36,5,35,6,13,2,
418,2023-12-18 20:00:00,6,10,31,4,19,2,6,
417,2023-12-18 13:00:00,17,3,25,31,27,30,3,
416,2023-12-17 20:00:00,24,22,5,35,28,16,1,
415,2023-12-17 13:00:00,35,9,7,5,16,19,2,
414,2023-12-16 20:00:00,20,5,18,10,6,7,4,
413,2023-12-16 13:00:00,30,16,2,24,34,26,5,
412,2023-12-15 20:00:00,35,18,33,21,13,31,5,
411,2023-12-15 13:00:00,32,10,22,26,36,18,1,
410,2023-12-14 20:00:00,33,26,3,31,4,25,5,
409,2023-12-14 13:00:00,8,21,30,15,18,7,3,
408,2023-12-13 20:00:00,32,23,28,33,17,36,3,
407,2023-12-13 13:00:00,10,30,28,5,25,6,1,
406,2023-12-12 20:00:00,26,25,9,33,14,8,5,
405,2023-12-12 13:00:00,30,18,1,29,14,34,5,
404,2023-12-11 20:00:00,32,17,30,12,24,2,6,
403,2023-12-11 13:00:00,27,6,17,31,2,23,5,
402,2023-12-10 20:00:00,1,13,31,11,30,36,6,
401,2023-12-10 13:00:00,16,35,31,7,36,13,6,
400,2023-12-09 20:00:00,31,16,7,33,2,10,1,
399,2023-12-09 13:00:00,23,8,2,21,15,28,6,
398,2023-12-08 20:00:00,20,14,31,16,23,15,6,
397,2023-12-08 13:00:00,12,32,14,15,30,2,1,
396,2023-12-07 20:00:00,23,11,21,10,32,36,1,
395,2023-12-07 13:00:00,17,19,7,30,2,28,3,
394,2023-12-06 20:00:00,20,16,18,32,31,15,2,
393,2023-12-06 13:00:00,20,28,21,23,25,34,5,
392,2023-12-05 20:00:00,8,13,35,2,7,15,6,
391,2023-12-05 13:00:00,8,26,22,17,10,29,4,
390,2023-12-04 20:00:00,4,32,8,25,3,5,3,
389,2023-12-04 13:00:00,27,15,19,14,8,28,5,
388,2023-12-03 20:00:00,11,5,21,33,14,26,3,
387,2023-12-03 13:00:00,19,10,28,11,34,18,1,
386,2023-12-02 20:00:00,21,1,35,34,10,13,1,
385,2023-12-02 13:00:00,18,4,12,6,13,11,3,
384,2023-12-01 20:00:00,10,3,25,20,11,12,1,
383,2023-12-01 13:00:00,3,35,7,4,8,28,4,
382,2023-11-30 20:00:00,12,13,35,23,3,15,3,
381,2023-11-30 13:00:00,6,28,19,20,13,30,5,
380,2023-11-29 20:00:00,21,23,24,20,10,13,4,
379,2023-11-29 13:00:00,25,24,10,22,21,35,2,
378,2023-11-28 20:00:00,27,24,16,33,34,9,1,
377,2023-11-28 13:00:00,35,31,17,1,16,12,1,
376,2023-11-27 20:00:00,7,14,16,15,11,5,3,
375,2023-11-27 13:00:00,1,25,10,18,35,32,4,
374,2023-11-26 20:00:00,8,33,13,3,17,12,5,
373,2023-11-26 13:00:00,26,14,36,35,18,13,1,
372,2023-11-25 20:00:00,30,5,9,11,29,23,3,
371,2023-11-25 13:00:00,36,23,17,14,30,16,2,
370,2023-11-24 20:00:00,9,36,4,33,15,8,4,
369,2023-11-24 13:00:00,13,15,14,18,33,36,5,
368,2023-11-23 20:00:00,35,12,15,27,30,14,3,
367,2023-11-23 13:00:00,7,1,29,28,23,14,1,
366,2023-11-22 20:00:00,19,20,16,22,4,29,1,
365,2023-11-22 13:00:00,22,23,3,20,6,8,4,
364,2023-11-21 20:00:00,31,13,21,16,2,17,5,
363,2023-11-21 13:00:00,20,33,6,15,23,28,6,
362,2023-11-20 20:00:00,2,8,6,18,3,1,2,
361,2023-11-20 13:00:00,14,21,6,17,18,16,3,
360,2023-11-19 20:00:00,35,4,20,21,30,36,5,
359,2023-11-19 13:00:00,11,6,9,36,13,17,3,
358,2023-11-18 20:00:00,26,29,32,15,10,18,1,
357,2023-11-18 13:00:00,14,32,24,25,26,13,6,
356,2023-11-17 20:00:00,23,26,35,4,13,27,3,
355,2023-11-17 13:00:00,31,22,26,5,36,6,6,
354,2023-11-16 20:00:00,34,8,13,23,15,17,4,
353,2023-11-16 13:00:00,12,29,34,13,19,6,6,
352,2023-11-15 20:00:00,20,1,30,23,15,26,3,
351,2023-11-15 13:00:00,13,10,6,19,33,3,4,
350,2023-11-14 20:00:00,12,26,9,6,28,33,5,
349,2023-11-14 13:00:00,29,13,31,4,27,11,4,
348,2023-11-13 20:00:00,9,25,14,24,34,22,6,
347,2023-11-13 13:00:00,30,13,33,35,31,5,1,
346,2023-11-12 20:00:00,33,32,29,19,20,4,5,
345,2023-11-12 13:00:00,21,3,28,6,15,9,6,
344,2023-11-11 20:00:00,33,3,16,11,15,14,3,
343,2023-11-11 13:00:00,16,24,3,33,4,17,5,
342,2023-11-10 20:00:00,18,30,13,32,7,20,4,
341,2023-11-10 13:00:00,35,18,9,20,12,17,4,
340,2023-11-09 20:00:00,14,22,5,3,1,36,4,
339,2023-11-09 13:00:00,13,26,32,2,21,14,3,
338,2023-11-08 20:00:00,1,32,34,3,5,33,6,
337,2023-11-08 13:00:00,30,31,13,17,4,6,6,
336,2023-11-07 20:00:00,27,16,19,6,20,29,6,
335,2023-11-07 13:00:00,24,20,30,36,3,14,6,
334,2023-11-06 20:00:00,13,4,10,35,18,29,1,
333,2023-11-06 13:00:00,29,5,2,33,32,13,2,
332,2023-11-05 20:00:00,15,31,29,34,26,28,2,
331,2023-11-05 13:00:00,13,24,36,23,19,5,2,
330,2023-11-04 20:00:00,33,26,9,22,32,35,2,
329,2023-11-04 13:00:00,15,29,10,17,36,35,1,
328,2023-11-03 20:00:00,23,7,27,28,30,34,1,
327,2023-11-03 13:00:00,25,6,12,16,21,19,1,
326,2023-11-02 20:00:00,5,26,30,3,15,23,5,
325,2023-11-02 13:00:00,36,23,8,1,2,22,1,
324,2023-11-01 20:00:00,6,34,1,36,9,27,1,
323,2023-11-01 13:00:00,15,34,25,23,9,16,2,
322,2023-10-31 20:00:00,6,22,33,5,36,7,5,
321,2023-10-31 13:00:00,11,13,28,25,26,33,2,
320,2023-10-30 20:00:00,32,34,21,4,13,17,3,
319,2023-10-30 13:00:00,2,6,11,12,25,29,4,
318,2023-10-29 20:00:00,2,25,3,21,6,11,5,
317,2023-10-29 13:00:00,28,6,33,22,34,36,4,
316,2023-10-28 20:00:00,12,6,1,29,20,30,4,
315,2023-10-28 13:00:00,22,24,25,7,2,16,2,
314,2023-10-27 20:00:00,24,26,11,9,15,35,1,
313,2023-10-27 13:00:00,25,36,18,9,2,11,1,
312,2023-10-26 20:00:00,10,5,20,22,7,31,3,
311,2023-10-26 13:00:00,29,18,35,36,33,21,3,
310,2023-10-25 20:00:00,23,36,22,34,6,14,1,
309,2023-10-25 13:00:00,1,13,34,10,5,11,3,
308,2023-10-24 20:00:00,25,20,10,9,36,29,6,
307,2023-10-24 13:00:00,28,22,7,30,3,2,3,
306,2023-10-23 20:00:00,6,7,22,9,17,4,6,
305,2023-10-23 13:00:00,9,22,36,8,13,28,2,
304,2023-10-22 20:00:00,14,31,16,10,13,22,1,
303,2023-10-22 13:00:00,17,35,24,36,26,5,3,
302,2023-10-21 20:00:00,10,30,21,7,29,34,6,
301,2023-10-21 13:00:00,1,33,30,13,36,22,2,
300,2023-10-20 20:00:00,6,26,35,28,14,32,4,
299,2023-10-20 13:00:00,21,33,28,22,1,11,3,
298,2023-10-19 20:00:00,33,36,31,30,3,4,3,
297,2023-10-19 13:00:00,2,22,32,7,13,20,1,
296,2023-10-18 20:00:00,14,35,23,28,17,7,2,
295,2023-10-18 13:00:00,11,3,36,35,22,20,5,
294,2023-10-17 20:00:00,25,22,13,33,15,23,6,
293,2023-10-17 13:00:00,4,19,23,2,5,28,1,
292,2023-10-16 20:00:00,14,17,4,3,6,9,4,
291,2023-10-16 13:00:00,30,23,12,21,15,7,6,
290,2023-10-15 20:00:00,11,4,1,24,25,22,1,
289,2023-10-15 13:00:00,34,3,26,32,1,12,3,
288,2023-10-14 20:00:00,8,6,19,34,31,27,2,
287,2023-10-14 13:00:00,14,29,20,16,13,28,4,
286,2023-10-13 20:00:00,12,24,1,13,35,5,2,
285,2023-10-13 13:00:00,4,21,33,35,15,9,5,
284,2023-10-12 20:00:00,36,35,20,22,7,2,6,
283,2023-10-12 13:00:00,8,35,26,13,25,36,5,
282,2023-10-11 20:00:00,28,11,3,23,20,29,2,
281,2023-10-11 13:00:00,12,4,3,25,28,8,1,
280,2023-10-10 20:00:00,14,2,17,16,22,19,2,
279,2023-10-10 13:00:00,6,11,4,12,9,21,6,
278,2023-10-09 20:00:00,16,8,19,30,22,23,3,
277,2023-10-09 13:00:00,19,4,6,31,27,9,5,
276,2023-10-08 20:00:00,10,12,34,18,6,29,4,
275,2023-10-08 13:00:00,19,33,5,14,28,24,2,
274,2023-10-07 20:00:00,4,26,25,13,11,30,2,
273,2023-10-07 13:00:00,29,4,34,9,22,28,2,
272,2023-10-06 20:00:00,7,22,19,36,8,20,6,
271,2023-10-06 13:00:00,6,21,18,1,14,29,5,
270,2023-10-05 20:00:00,12,17,13,6,36,4,3,
269,2023-10-05 13:00:00,31,21,28,27,4,7,6,
268,2023-10-04 20:00:00,29,19,35,18,10,16,3,
267,2023-10-04 13:00:00,34,18,3,1,17,6,3,
266,2023-10-03 20:00:00,14,33,2,31,36,35,3,
265,2023-10-03 13:00:00,8,12,28,30,24,18,1,
264,2023-10-02 20:00:00,22,31,33,28,30,12,6,
263,2023-10-02 13:00:00,6,5,22,33,1,20,1,
262,2023-10-01 20:00:00,28,6,14,9,8,11,1,
261,2023-10-01 13:00:00,33,30,21,16,35,19,6,
260,2023-09-30 20:00:00,26,4,29,10,6,11,6,
259,2023-09-30 13:00:00,13,14,33,22,8,5,4,
258,2023-09-29 20:00:00,11,13,8,4,17,35,1,
257,2023-09-29 13:00:00,6,7,21,4,11,24,1,
256,2023-09-28 20:00:00,2,4,12,17,11,16,6,
255,2023-09-28 13:00:00,13,29,36,23,17,31,2,
254,2023-09-27 20:00:00,25,3,32,31,21,24,4,
253,2023-09-27 13:00:00,20,17,5,34,33,7,5,
252,2023-09-26 20:00:00,13,33,21,9,15,20,3,
251,2023-09-26 13:00:00,15,11,31,30,16,4,1,
250,2023-09-25 20:00:00,7,15,14,28,23,35,2,
249,2023-09-25 13:00:00,30,34,11,6,15,28,1,
248,2023-09-24 20:00:00,11,21,3,6,33,1,3,
247,2023-09-24 13:00:00,13,4,2,23,26,28,1,
246,2023-09-23 20:00:00,10,32,5,24,13,17,5,
245,2023-09-23 13:00:00,30,1,18,25,33,29,6,
244,2023-09-22 20:00:00,2,26,6,11,18,7,6,
243,2023-09-22 13:00:00,15,34,13,20,32,4,4,
242,2023-09-21 20:00:00,27,21,19,5,20,31,3,
241,2023-09-21 13:00:00,26,16,3,4,17,9,5,
240,2023-09-20 20:00:00,33,35,19,34,22,3,4,
239,2023-09-20 13:00:00,10,1,24,9,29,19,6,
238,2023-09-19 20:00:00,20,17,30,1,13,36,4,
237,2023-09-19 13:00:00,35,22,16,10,31,19,4,
236,2023-09-18 20:00:00,19,11,17,34,3,15,5,
235,2023-09-18 13:00:00,8,24,2,35,10,13,2,
234,2023-09-17 20:00:00,7,22,29,36,14,11,1,
233,2023-09-17 13:00:00,20,6,16,18,5,7,2,
232,2023-09-16 20:00:00,17,29,35,16,32,4,3,
231,2023-09-16 13:00:00,32,16,13,15,33,26,3,
230,2023-09-15 20:00:00,9,1,31,10,13,2,3,
229,2023-09-15 13:00:00,18,9,32,20,24,33,4,
228,2023-09-14 20:00:00,19,12,14,27,16,10,6,
227,2023-09-14 13:00:00,1,26,7,33,34,27,6,
226,2023-09-13 20:00:00,30,24,31,6,12,11,2,
225,2023-09-13 13:00:00,30,17,11,31,2,24,1,
224,2023-09-12 20:00:00,1,25,23,2,24,18,5,
223,2023-09-12 13:00:00,11,5,13,29,8,15,6,
222,2023-09-11 20:00:00,29,7,5,10,13,24,1,
221,2023-09-11 13:00:00,32,34,1,22,4,14,3,
220,2023-09-10 20:00:00,16,12,28,18,4,31,6,
219,2023-09-10 13:00:00,22,10,33,5,28,21,4,
218,2023-09-09 20:00:00,6,24,12,28,8,18,5,
217,2023-09-09 13:00:00,10,6,36,13,4,27,4,
216,2023-09-08 20:00:00,21,33,26,3,31,24,6,
215,2023-09-08 13:00:00,19,13,35,34,31,18,1,
214,2023-09-07 20:00:00,33,15,24,18,2,11,4,
213,2023-09-07 13:00:00,18,33,4,11,32,17,2,
212,2023-09-06 20:00:00,21,6,36,31,24,3,4,
211,2023-09-06 13:00:00,35,18,32,21,36,13,5,
210,2023-09-05 20:00:00,31,4,32,33,8,29,1,
209,2023-09-05 13:00:00,35,29,24,25,23,27,2,
208,2023-09-04 20:00:00,17,26,19,22,12,15,3,
207,2023-09-04 13:00:00,19,24,8,15,32,1,2,
206,2023-09-03 20:00:00,7,4,30,2,14,20,1,
205,2023-09-03 13:00:00,22,5,9,24,2,33,6,
204,2023-09-02 20:00:00,5,11,4,27,7,12,1,
203,2023-09-02 13:00:00,18,33,4,14,24,9,4,
202,2023-09-01 20:00:00,23,2,35,15,12,27,5,
201,2023-09-01 13:00:00,14,23,3,19,1,4,2,
200,2023-08-31 20:00:00,18,13,6,16,2,11,3,
199,2023-08-31 13:00:00,11,25,28,30,33,35,2,
198,2023-08-30 20:00:00,35,25,24,13,18,1,6,
197,2023-08-30 13:00:00,25,20,14,3,35,11,5,
196,2023-08-29 20:00:00,25,10,33,20,24,1,3,
195,2023-08-29 13:00:00,23,6,32,8,2,12,3,
194,2023-08-28 20:00:00,4,30,16,6,22,29,6,
193,2023-08-28 13:00:00,36,23,21,4,9,34,6,
192,2023-08-27 20:00:00,7,36,22,14,11,21,2,
191,2023-08-27 13:00:00,27,28,12,22,26,1,1,
190,2023-08-26 20:00:00,3,35,25,11,17,27,2,
189,2023-08-26 13:00:00,21,32,13,35,9,8,2,
188,2023-08-25 20:00:00,20,25,34,3,6,35,3,
187,2023-08-25 13:00:00,28,15,21,10,5,14,4,
186,2023-08-24 20:00:00,14,26,7,29,30,2,3,
185,2023-08-24 13:00:00,33,15,24,26,2,23,6,
184,2023-08-23 20:00:00,5,9,31,11,26,1,2,
183,2023-08-23 13:00:00,7,17,19,3,8,35,2,
182,2023-08-22 20:00:00,23,4,16,21,19,33,2,
181,2023-08-22 13:00:00,10,1,20,26,11,32,2,
180,2023-08-21 20:00:00,24,15,5,11,10,7,4,
179,2023-08-21 13:00:00,9,35,27,16,14,11,3,
178,2023-08-20 20:00:00,24,32,13,9,8,27,2,
177,2023-08-20 13:00:00,24,1,26,16,19,9,6,
176,2023-08-19 20:00:00,19,2,13,7,1,23,3,
175,2023-08-19 13:00:00,35,1,11,18,19,30,6,
174,2023-08-18 20:00:00,35,28,31,19,25,23,5,
173,2023-08-18 13:00:00,32,6,17,10,4,2,3,
172,2023-08-17 20:00:00,30,14,25,12,32,8,2,
171,2023-08-17 13:00:00,9,34,36,19,28,1,3,
170,2023-08-16 20:00:00,35,8,6,16,3,29,2,
169,2023-08-16 13:00:00,30,23,31,7,29,35,3,
168,2023-08-15 20:00:00,34,20,27,16,19,29,1,
167,2023-08-15 13:00:00,21,9,25,35,20,23,2,
166,2023-08-14 20:00:00,13,20,26,29,4,27,5,
165,2023-08-14 13:00:00,17,19,33,9,27,26,5,
164,2023-08-13 20:00:00,3,26,22,36,24,29,5,
163,2023-08-13 13:00:00,22,16,9,24,2,6,3,
162,2023-08-12 20:00:00,14,12,35,9,30,28,5,
161,2023-08-12 13:00:00,3,7,25,10,36,19,2,
160,2023-08-11 20:00:00,3,9,29,30,27,14,2,
159,2023-08-11 13:00:00,31,15,6,30,25,9,6,
158,2023-08-10 20:00:00,18,10,20,30,13,12,4,
157,2023-08-10 13:00:00,36,6,19,23,12,10,2,
156,2023-08-09 20:00:00,3,21,32,26,22,35,1,
155,2023-08-09 13:00:00,30,25,32,13,6,17,6,
154,2023-08-08 20:00:00,25,12,14,30,27,26,3,
153,2023-08-08 13:00:00,33,12,26,22,19,36,1,
152,2023-08-07 20:00:00,11,4,31,5,12,26,2,
151,2023-08-07 13:00:00,35,29,17,31,9,24,4,
150,2023-08-06 20:00:00,33,11,2,13,8,32,6,
149,2023-08-06 13:00:00,17,24,1,32,8,6,4,
148,2023-08-05 20:00:00,30,15,16,10,1,29,3,
147,2023-08-05 13:00:00,14,15,12,17,33,36,5,
146,2023-08-04 20:00:00,2,1,33,28,13,14,4,
145,2023-08-20 11:54:18,3,16,26,19,13,15,3,
144,2023-08-03 20:00:00,21,36,4,34,6,20,2,
143,2023-08-03 13:00:00,26,28,25,24,36,9,4,
142,2023-08-02 20:00:00,12,28,3,7,26,21,6,
141,2023-08-02 13:00:00,26,33,16,35,4,3,4,
140,2023-08-01 20:00:00,18,17,3,20,33,25,6,
139,2023-08-01 13:00:00,8,31,34,23,3,22,3,
138,2023-07-31 20:00:00,17,13,12,33,20,9,5,
137,2023-07-31 13:00:00,36,24,26,18,15,25,4,
136,2023-07-30 20:00:00,19,22,9,17,31,33,4,
135,2023-07-30 13:00:00,2,5,18,28,4,13,2,
134,2023-07-29 20:00:00,16,9,17,1,10,7,6,
133,2023-07-29 13:00:00,5,26,10,14,7,15,2,
132,2023-07-28 20:00:00,7,34,29,24,16,31,3,
131,2023-07-28 13:00:00,17,23,34,19,26,33,2,
130,2023-07-27 20:00:00,1,2,23,27,11,5,5,
129,2023-07-27 13:00:00,13,1,9,18,22,7,4,
128,2023-07-26 20:00:00,36,35,16,11,10,27,1,
127,2023-07-26 13:00:00,22,21,3,5,11,26,3,
126,2023-07-25 20:00:00,26,9,18,23,13,32,1,
125,2023-07-25 13:00:00,2,32,36,5,15,18,3,
124,2023-07-24 20:00:00,13,32,36,15,10,26,6,
123,2023-07-24 13:00:00,25,36,28,22,23,34,5,
122,2023-07-23 20:00:00,5,8,15,6,28,22,4,
121,2023-07-23 13:00:00,14,16,1,12,2,6,6,
120,2023-07-22 20:00:00,16,12,36,20,31,23,3,
119,2023-07-22 13:00:00,1,5,23,27,9,14,6,
118,2023-07-21 20:00:00,6,22,36,2,33,20,5,
117,2023-07-21 13:00:00,10,32,3,26,21,16,5,
116,2023-07-20 20:00:00,23,30,29,10,25,24,2,
115,2023-07-20 13:00:00,27,29,16,11,19,18,4,
114,2023-07-19 20:00:00,24,34,26,12,5,20,2,
113,2023-07-19 13:00:00,11,1,32,18,19,10,1,
112,2023-07-18 20:00:00,35,24,22,12,15,1,4,
111,2023-07-18 13:00:00,7,4,27,28,32,8,3,
110,2023-07-17 20:00:00,2,21,31,24,11,14,6,
109,2023-07-17 13:00:00,18,1,33,34,19,35,3,
108,2023-07-16 20:00:00,20,9,7,31,26,32,5,
107,2023-07-16 13:00:00,31,5,23,9,30,21,2,
106,2023-07-15 20:00:00,3,27,19,13,33,25,1,
105,2023-07-15 13:00:00,32,20,3,22,36,19,1,
104,2023-07-14 20:00:00,36,4,16,7,1,18,6,
103,2023-07-14 13:00:00,8,36,27,4,3,31,5,
102,2023-07-13 20:00:00,13,15,3,30,25,19,3,
101,2023-07-13 13:00:00,25,34,35,13,15,17,6,
100,2023-07-12 20:00:00,34,22,11,15,13,17,3,
99,2023-07-12 13:00:00,17,11,26,10,25,28,6,
98,2023-07-11 20:00:00,3,18,25,13,23,26,6,
97,2023-07-11 13:00:00,24,9,27,20,14,35,1,
96,2023-07-10 20:00:00,20,32,33,26,8,22,1,
95,2023-07-10 13:00:00,2,1,26,28,25,21,4,
94,2023-07-09 20:00:00,13,15,31,35,3,21,4,
93,2023-07-09 13:00:00,1,26,5,11,13,31,6,
92,2023-07-08 20:00:00,28,9,19,17,1,8,4,
91,2023-07-08 13:00:00,24,34,10,32,14,9,4,
90,2023-07-07 20:00:00,21,20,22,25,26,7,1,
89,2023-07-07 13:00:00,7,25,19,13,1,8,3,
88,2023-07-06 20:00:00,31,22,11,19,2,20,3,
87,2023-07-06 13:00:00,20,30,9,24,32,26,5,
86,2023-07-05 20:00:00,24,18,9,4,27,36,6,
85,2023-07-05 13:00:00,25,1,22,14,23,34,4,
84,2023-07-04 20:00:00,27,8,2,11,22,16,5,
83,2023-07-04 13:00:00,32,8,36,3,18,34,4,
82,2023-07-03 20:00:00,11,7,22,18,6,20,1,
81,2023-07-03 13:00:00,24,35,3,34,29,10,5,
80,2023-07-02 20:00:00,7,36,8,11,14,26,6,
79,2023-07-02 13:00:00,23,21,9,27,26,17,3,
78,2023-07-01 20:00:00,14,23,30,35,29,5,2,
77,2023-07-01 13:00:00,26,29,12,25,20,7,4,
76,2023-06-30 20:00:00,19,15,14,12,31,16,1,
75,2023-06-30 13:00:00,16,5,9,14,22,28,4,
74,2023-06-29 20:00:00,2,13,3,29,18,9,6,
73,2023-06-29 13:00:00,11,16,4,12,14,1,1,
72,2023-06-28 20:00:00,24,32,21,15,27,26,5,
71,2023-06-28 13:00:00,13,5,30,20,34,16,2,
70,2023-06-27 20:00:00,15,29,31,11,24,6,4,
69,2023-06-27 13:00:00,1,24,34,30,26,20,5,
68,2023-06-26 20:00:00,20,13,17,5,3,36,4,
67,2023-06-26 13:00:00,1,23,18,22,11,36,3,
66,2023-06-25 20:00:00,8,22,10,20,23,26,6,
65,2023-06-25 13:00:00,21,13,15,26,24,34,6,
64,2023-06-24 20:00:00,36,18,33,5,25,1,2,
63,2023-06-24 13:00:00,2,35,17,26,15,7,6,
62,2023-06-23 20:00:00,22,3,17,36,23,21,3,
61,2023-06-23 13:00:00,16,6,12,30,26,36,3,
60,2023-06-22 20:00:00,32,29,2,30,14,16,3,
59,2023-06-22 13:00:00,28,24,23,10,25,15,2,
58,2023-06-21 20:00:00,4,36,14,22,8,18,6,
57,2023-06-21 13:00:00,25,18,7,36,12,4,6,
56,2023-06-20 20:00:00,20,21,5,3,14,6,5,
55,2023-06-20 13:00:00,11,4,14,21,28,35,6,
54,2023-06-19 20:00:00,33,3,8,25,26,4,6,
53,2023-06-19 13:00:00,27,34,6,2,10,1,1,
52,2023-06-18 20:00:00,33,34,16,9,4,27,6,
51,2023-06-18 13:00:00,24,9,15,23,6,11,2,
50,2023-06-17 20:00:00,13,15,1,22,9,21,6,
49,2023-06-17 13:00:00,7,11,17,30,29,24,4,
48,2023-06-16 20:00:00,24,23,18,29,5,17,4,
47,2023-06-16 13:00:00,25,1,9,19,10,8,6,
46,2023-06-15 20:00:00,11,16,21,22,9,6,1,
45,2023-06-15 13:00:00,7,14,13,3,5,9,1,
44,2023-06-14 20:00:00,13,36,7,15,28,11,2,
43,2023-06-14 13:00:00,27,14,8,28,19,12,4,
42,2023-06-13 20:00:00,34,18,22,15,9,13,3,
41,2023-06-13 13:00:00,23,24,31,1,30,19,2,
40,2023-06-12 20:00:00,15,25,21,28,1,11,6,
39,2023-06-12 13:00:00,6,34,35,33,29,36,3,
38,2023-06-11 20:00:00,14,18,4,31,21,6,4,
37,2023-06-11 13:00:00,21,29,36,17,6,11,6,
36,2023-06-10 20:00:00,30,1,36,29,10,28,4,
35,2023-06-10 13:00:00,16,11,6,28,34,32,4,
34,2023-06-09 20:00:00,29,6,31,2,11,20,4,
33,2023-06-09 13:00:00,35,18,30,27,8,15,5,
32,2023-06-08 20:00:00,19,4,20,30,21,31,4,
31,2023-06-08 13:00:00,14,18,5,12,7,13,2,
30,2023-06-07 20:00:00,12,8,3,2,11,1,6,
29,2023-06-07 13:00:00,29,27,35,11,30,5,4,
28,2023-06-06 20:00:00,7,10,2,22,19,1,4,
27,2023-06-06 13:00:00,9,6,1,17,5,32,4,
26,2023-06-05 20:00:00,14,12,31,35,11,10,1,
25,2023-06-05 13:00:00,18,5,21,30,1,33,4,
24,2023-06-04 20:00:00,2,34,5,13,6,21,6,
23,2023-06-04 13:00:00,11,6,8,18,35,29,4,
22,2023-06-03 20:00:00,11,20,12,25,31,13,3,
21,2023-06-03 13:00:00,14,4,33,32,9,30,6,
20,2023-06-02 20:00:00,32,4,5,11,16,8,5,
19,2023-06-02 13:00:00,1,12,32,29,20,6,2,
18,2023-06-01 20:00:00,19,18,14,24,16,29,3,
17,2023-06-01 13:00:00,25,31,10,23,20,35,3,
16,2023-05-31 20:00:00,2,19,14,30,36,10,2,
15,2023-05-31 13:00:00,22,31,26,21,14,23,6,
14,2023-05-30 20:00:00,13,19,5,1,2,11,6,
13,2023-05-30 13:00:00,24,11,12,16,22,2,1,
12,2023-05-29 20:00:00,22,1,7,12,11,18,3,
11,2023-05-29 13:00:00,28,14,20,25,13,9,4,
10,2023-05-28 20:00:00,23,17,25,15,1,8,2,
9,2023-05-28 13:00:00,10,4,31,34,21,35,5,
8,2023-05-27 20:00:00,15,25,10,34,3,13,1,
7,2023-05-27 13:00:00,25,20,23,11,6,13,1,
6,2023-05-26 20:00:00,25,16,32,29,24,12,3,
5,2023-05-26 13:00:00,23,16,10,6,17,29,2,
4,2023-05-25 20:00:00,22,7,4,27,25,34,3,
3,2023-05-25 13:00:00,24,34,10,11,32,20,2,
2,2023-05-24 20:00:00,23,29,3,12,18,19,1,
1,2023-05-24 13:00:00,11,28,8,7,35,12,1,
